id,first_name,last_name,email,gender,ip_address,Username,Net,Time(Months),Date
1,Bron,Cootes,bcootes0@mtv.com,Male,15.246.47.163,,5390877,9,8/4/2022
2,Derward,Chafer,dchafer1@multiply.com,Male,251.121.120.71,dchafer1,4270838,1,10/14/2022
3,Eddie,Halvosen,ehalvosen2@cpanel.net,Female,192.119.102.205,ehalvosen2,3225543,10,2/1/2022
4,Olly,Sibille,osibille3@chron.com,Female,153.71.2.145,osibille3,4221863,12,2/12/2022
5,Reginauld,Tesche,rtesche4@omniture.com,Male,62.85.62.61,rtesche4,7766024,8,11/19/2022
6,Kristin,Search,ksearch5@quantcast.com,Female,224.230.217.22,ksearch5,8532203,3,1/14/2023
7,Jobyna,Seignior,jseignior6@prnewswire.com,Female,57.213.211.80,jseignior6,1292840,12,5/15/2022
8,Rafferty,Gavaran,rgavaran7@sogou.com,,124.62.213.33,rgavaran7,7224252,3,5/29/2022
9,Goddart,Pennycord,gpennycord8@apache.org,Male,18.248.61.223,,6670677,6,8/30/2022
10,Micheal,Kingswell,mkingswell9@vinaora.com,Male,136.135.117.67,mkingswell9,7246895,3,3/12/2022
11,Adham,Kavanagh,akavanagha@marketwatch.com,Male,165.105.204.193,akavanagha,3711087,11,4/28/2022
12,Iolande,Clemmow,iclemmowb@elpais.com,,14.227.197.49,iclemmowb,8402312,9,9/8/2022
13,Omar,Epdell,oepdellc@tinyurl.com,Male,169.28.244.217,oepdellc,8068991,12,5/15/2022
14,Amber,Maulkin,amaulkind@scientificamerican.com,Female,98.163.214.89,amaulkind,790728,4,3/20/2022
15,Aldin,Thompkins,athompkinse@sciencedirect.com,Male,112.128.83.71,athompkinse,8802445,6,7/21/2022
16,Horton,Huffadine,hhuffadinef@cnbc.com,Male,195.153.40.21,hhuffadinef,2090137,3,9/2/2022
17,Nikolos,Jennrich,njennrichg@goo.ne.jp,Bigender,107.161.235.177,njennrichg,6213192,7,7/24/2022
18,Serge,McRannell,smcrannellh@economist.com,Male,86.199.12.152,smcrannellh,6855807,1,9/7/2022
19,Myriam,Orys,morysi@cdbaby.com,Female,218.18.40.241,morysi,2378356,11,10/4/2022
20,Garner,Wallice,gwallicej@hostgator.com,Male,13.26.8.166,gwallicej,9334040,4,7/20/2022
21,Kristan,Stanlick,kstanlickk@arstechnica.com,Female,247.128.233.216,kstanlickk,1082220,4,8/28/2022
22,Mason,McNickle,mmcnicklel@ovh.net,Male,101.128.205.121,mmcnicklel,8832629,9,7/29/2022
23,Starlin,Jeannon,sjeannonm@microsoft.com,Female,192.217.31.162,sjeannonm,5482580,7,5/5/2022
24,Mac,Birkmyr,mbirkmyrn@netscape.com,Male,92.43.38.186,mbirkmyrn,3353172,4,7/26/2022
25,Clerc,Brockhurst,cbrockhursto@mapquest.com,Male,137.157.255.55,cbrockhursto,8381424,5,11/11/2022
26,Cobb,Mauger,cmaugerp@cocolog-nifty.com,Genderfluid,189.186.44.78,cmaugerp,9800264,1,3/24/2022
27,Cassie,Lippi,clippiq@soundcloud.com,Female,171.167.205.176,clippiq,6715838,3,1/30/2022
28,Rozanne,Bridewell,rbridewellr@google.fr,Female,237.168.1.238,rbridewellr,3898289,9,4/18/2022
29,Isador,Fryd,ifryds@stanford.edu,Male,39.175.1.111,ifryds,3126201,8,5/2/2022
30,Jourdain,Sutcliffe,jsutcliffet@columbia.edu,Male,66.186.153.137,jsutcliffet,3828201,12,9/17/2022
31,Yank,Ilbert,yilbertu@amazon.de,Male,83.115.11.97,yilbertu,857985,1,1/18/2023
32,Pietro,Butter,pbutterv@dailymail.co.uk,Male,163.15.65.215,pbutterv,4688824,3,10/16/2022
33,Cicily,Honeyghan,choneyghanw@cisco.com,Female,46.214.60.249,choneyghanw,8105153,10,7/22/2022
34,Peg,Parlett,pparlettx@friendfeed.com,Female,194.151.130.212,pparlettx,9863418,11,2/23/2022
35,Moises,Brychan,mbrychany@cafepress.com,Male,156.156.167.137,mbrychany,5832835,10,7/18/2022
36,Aubine,Portis,aportisz@surveymonkey.com,Female,114.54.199.3,aportisz,7156095,3,11/26/2022
37,Lanny,Suff,lsuff10@woothemes.com,Male,197.211.25.143,lsuff10,5009238,12,8/2/2022
38,Viola,Sign,vsign11@mashable.com,Female,75.48.109.112,vsign11,6169007,12,6/3/2022
39,Misti,Vedenyapin,,Female,134.27.217.146,mvedenyapin12,5246067,6,7/19/2022
40,Talbert,Davidy,tdavidy13@lulu.com,Male,195.212.204.190,tdavidy13,5272790,4,3/10/2022
41,Dolli,Cranage,,Female,152.207.57.47,dcranage14,1414672,9,6/8/2022
42,Wallis,Willatts,wwillatts15@creativecommons.org,Male,222.68.209.110,,3799945,1,7/22/2022
43,Celestina,Gallichan,cgallichan16@odnoklassniki.ru,,240.241.77.230,cgallichan16,3162125,5,6/15/2022
44,Zed,Rudolf,zrudolf17@geocities.jp,Agender,241.174.243.97,zrudolf17,4873973,8,11/18/2022
45,Khalil,O'Neil,koneil18@imgur.com,Male,177.182.19.72,koneil18,584750,12,7/11/2022
46,Adeline,Emmitt,aemmitt19@webmd.com,Female,153.98.189.110,aemmitt19,7032083,5,3/19/2022
47,Carmella,Littlejohns,clittlejohns1a@webnode.com,Female,240.229.208.1,clittlejohns1a,5916069,11,7/14/2022
48,Fredia,aManger,famanger1b@mapquest.com,Female,185.211.187.31,famanger1b,8906314,11,2/3/2022
49,Calhoun,Brealey,cbrealey1c@hc360.com,Male,106.7.170.216,cbrealey1c,2881204,7,11/12/2022
50,Myra,Addeycott,maddeycott1d@sitemeter.com,Female,76.217.86.82,maddeycott1d,8114263,1,10/18/2022
51,Whittaker,Viant,wviant1e@walmart.com,Male,94.113.34.59,wviant1e,4330697,7,12/10/2022
52,Helsa,Oganesian,,Female,229.249.133.159,hoganesian1f,2714616,3,3/21/2022
53,Land,Chislett,lchislett1g@princeton.edu,Male,185.84.194.133,,1752990,10,4/22/2022
54,Karlie,Shellibeer,kshellibeer1h@bizjournals.com,,237.245.35.124,kshellibeer1h,7415910,8,7/28/2022
55,Broderic,Finley,,Male,181.236.133.153,bfinley1i,677181,6,3/7/2022
56,Percival,Huison,,Male,65.104.64.85,,2924896,8,8/14/2022
57,Salomone,Foottit,sfoottit1k@businesswire.com,Male,35.92.54.186,sfoottit1k,9797608,6,7/16/2022
58,Kerrin,Clarage,kclarage1l@gravatar.com,Female,112.232.166.222,kclarage1l,5849771,9,2/1/2022
59,Aldon,Petrichat,apetrichat1m@a8.net,Male,53.98.232.65,apetrichat1m,3340254,4,5/5/2022
60,Grantley,Antczak,gantczak1n@cbslocal.com,Male,92.77.185.157,gantczak1n,1433186,12,6/13/2022
61,Matt,Murdoch,mmurdoch1o@ftc.gov,,73.145.78.81,mmurdoch1o,8311377,2,3/31/2022
62,Harv,Henrichsen,hhenrichsen1p@spotify.com,Male,203.93.89.173,hhenrichsen1p,4820504,5,5/18/2022
63,Ugo,Mazonowicz,umazonowicz1q@friendfeed.com,Male,52.185.149.0,umazonowicz1q,4747265,11,10/7/2022
64,Sascha,Dracey,sdracey1r@pinterest.com,Male,50.42.219.236,sdracey1r,4096130,6,12/16/2022
65,Lanie,Sicily,lsicily1s@usgs.gov,Female,140.33.182.131,lsicily1s,589038,10,2/14/2022
66,Stefan,Byars,sbyars1t@w3.org,Male,83.23.21.248,sbyars1t,273118,2,6/26/2022
67,Kit,Yitzhakof,kyitzhakof1u@simplemachines.org,Male,195.136.34.188,kyitzhakof1u,6396387,11,10/1/2022
68,Tressa,Prawle,,Female,166.103.39.79,tprawle1v,1978081,4,11/5/2022
69,Halli,Schroter,hschroter1w@answers.com,,175.181.61.102,hschroter1w,4153883,11,12/30/2022
70,Tasha,Holston,tholston1x@ning.com,Female,31.185.155.168,tholston1x,5517225,11,1/20/2023
71,Hymie,Wick,hwick1y@mtv.com,Male,85.238.76.33,hwick1y,9746509,8,10/3/2022
72,Phyllida,Klampt,pklampt1z@digg.com,Female,96.31.136.181,pklampt1z,129980,11,1/2/2023
73,Idette,Garter,igarter20@printfriendly.com,Female,103.235.110.5,igarter20,559963,12,1/1/2023
74,Ruperta,Cornbill,rcornbill21@yahoo.com,Female,114.167.51.32,rcornbill21,1754112,11,9/17/2022
75,Hana,Islip,hislip22@google.com.hk,Female,154.110.37.145,hislip22,6177523,1,8/29/2022
76,Dulce,Kattenhorn,dkattenhorn23@utexas.edu,Female,222.66.230.210,dkattenhorn23,3028503,2,2/15/2022
77,Sanford,Meineken,smeineken24@independent.co.uk,Male,21.154.165.193,smeineken24,2994331,3,9/25/2022
78,Christyna,Cosby,,,20.168.245.175,ccosby25,3950054,3,7/30/2022
79,Fidelio,Quartermain,fquartermain26@behance.net,Male,51.145.145.40,fquartermain26,8191930,1,2/21/2022
80,Pyotr,Syrett,psyrett27@hp.com,Male,118.108.34.226,psyrett27,6438027,4,3/27/2022
81,Mame,Brien,,Female,96.125.149.202,mbrien28,4048539,2,8/10/2022
82,Cortney,Lawn,clawn29@newyorker.com,Female,37.235.90.174,clawn29,3168136,10,5/28/2022
83,Drona,Strippling,dstrippling2a@amazon.com,Female,142.34.46.174,dstrippling2a,416900,8,3/1/2022
84,Rebeca,De Ortega,rdeortega2b@jigsy.com,Polygender,250.64.210.97,rdeortega2b,2513204,6,3/10/2022
85,Sax,McRae,smcrae2c@simplemachines.org,Bigender,44.185.101.142,smcrae2c,8358751,6,5/16/2022
86,Maegan,Kyston,,Female,241.158.100.224,mkyston2d,9098809,12,10/11/2022
87,Cly,Lockery,clockery2e@geocities.jp,Male,79.148.99.20,clockery2e,9524778,2,11/27/2022
88,Eulalie,Camocke,ecamocke2f@miitbeian.gov.cn,Female,127.17.136.158,ecamocke2f,5147137,5,7/31/2022
89,Leif,East,least2g@typepad.com,Male,213.86.158.245,,145793,12,6/29/2022
90,Janey,Preshous,jpreshous2h@github.com,Female,148.76.121.124,,2049390,12,12/22/2022
91,Hube,McClinton,hmcclinton2i@latimes.com,Polygender,235.101.236.85,hmcclinton2i,1586708,6,4/26/2022
92,Brant,Agronski,bagronski2j@addthis.com,Male,71.48.88.51,bagronski2j,7191649,7,9/14/2022
93,Kaleb,Tidd,ktidd2k@e-recht24.de,Male,5.130.66.129,ktidd2k,9736380,7,6/24/2022
94,Dwain,Stephens,dstephens2l@1688.com,Male,146.52.243.58,dstephens2l,8513906,12,9/2/2022
95,Jarid,Mc Carroll,,Male,136.161.27.145,jmccarroll2m,3745296,4,11/28/2022
96,Umeko,Ludman,uludman2n@a8.net,Female,238.43.228.249,uludman2n,2017020,3,2/8/2022
97,Erek,Stembridge,estembridge2o@discuz.net,Bigender,108.50.185.115,,1500441,8,5/24/2022
98,Chandal,Sharphouse,csharphouse2p@amazonaws.com,Female,140.111.152.34,csharphouse2p,9451557,5,6/10/2022
99,Fredric,Berks,,Non-binary,190.156.110.150,fberks2q,4290340,7,8/16/2022
100,Ellsworth,Hold,ehold2r@tuttocitta.it,Bigender,201.20.12.77,ehold2r,5923310,9,10/1/2022
101,Sophronia,Chamberlin,schamberlin2s@economist.com,Female,80.217.79.118,schamberlin2s,7478834,5,2/13/2022
102,Sonia,Roskelly,sroskelly2t@seattletimes.com,Female,141.234.55.133,,4287008,3,1/3/2023
103,Lorettalorna,Mowday,lmowday2u@microsoft.com,Female,64.8.134.230,lmowday2u,8174813,2,7/15/2022
104,Ealasaid,Babonau,ebabonau2v@dyndns.org,Female,36.205.63.115,ebabonau2v,4256477,9,3/3/2022
105,Jimmie,Kingsman,jkingsman2w@chronoengine.com,Male,140.225.202.240,jkingsman2w,9276753,8,4/9/2022
106,Ellen,Whitter,ewhitter2x@independent.co.uk,Female,8.100.186.222,,4481648,4,2/9/2022
107,Napoleon,Kauschke,nkauschke2y@deviantart.com,Male,54.232.67.122,nkauschke2y,3011000,11,5/8/2022
108,Cecilia,Sabin,csabin2z@discovery.com,Female,134.58.100.109,csabin2z,1143429,4,7/27/2022
109,Gabey,McMackin,gmcmackin30@godaddy.com,Female,84.203.232.135,gmcmackin30,2974425,1,4/18/2022
110,Ginnifer,Buggs,gbuggs31@biblegateway.com,Female,174.160.195.197,gbuggs31,292230,9,5/6/2022
111,Meris,Erangy,merangy32@mozilla.com,Female,37.50.174.216,merangy32,6965973,3,8/5/2022
112,Harwilll,McAllaster,hmcallaster33@eepurl.com,Polygender,193.56.65.60,,3227636,6,8/22/2022
113,Karel,Densey,kdensey34@reuters.com,Male,217.88.76.252,kdensey34,2873131,6,3/16/2022
114,Clarissa,O'Dunniom,codunniom35@jalbum.net,,252.191.96.242,codunniom35,7320524,12,10/30/2022
115,Brittany,Speller,,Female,230.31.135.252,bspeller36,1003356,9,1/26/2023
116,Amerigo,Fawdrey,afawdrey37@bing.com,Bigender,24.144.120.95,afawdrey37,4404031,7,9/27/2022
117,Launce,Fandrich,lfandrich38@dailymail.co.uk,Male,79.35.111.193,lfandrich38,7091417,2,9/8/2022
118,Hurley,Gascoyen,hgascoyen39@prnewswire.com,Male,234.11.131.199,hgascoyen39,3769549,3,1/30/2022
119,Willie,Favell,wfavell3a@seesaa.net,Male,131.63.139.231,wfavell3a,7997099,2,3/15/2022
120,Alain,Merryweather,amerryweather3b@foxnews.com,Bigender,16.76.234.41,amerryweather3b,2958979,9,6/6/2022
121,Ase,Izsak,aizsak3c@salon.com,Male,85.155.117.136,aizsak3c,9812662,6,6/4/2022
122,Hermon,Lapish,hlapish3d@miibeian.gov.cn,Male,130.67.186.102,,2125648,5,11/2/2022
123,Chicky,Imison,cimison3e@edublogs.org,Male,137.253.13.199,cimison3e,5506325,3,3/27/2022
124,Pattie,Antham,pantham3f@bigcartel.com,Female,236.151.14.199,pantham3f,2973467,7,4/24/2022
125,Sammy,Shaylor,sshaylor3g@dagondesign.com,Male,220.95.245.46,sshaylor3g,2442684,3,3/23/2022
126,Vinnie,O'Neary,voneary3h@hubpages.com,,238.141.131.174,,5825362,6,9/2/2022
127,Damaris,Baudrey,,Genderfluid,254.19.193.111,dbaudrey3i,408214,1,6/25/2022
128,Patrizia,Wolfers,pwolfers3j@moonfruit.com,Bigender,200.153.249.48,pwolfers3j,5049097,11,1/10/2023
129,Job,Grayshan,jgrayshan3k@goo.ne.jp,Male,222.223.2.234,jgrayshan3k,8377138,3,9/24/2022
130,Karon,Rollitt,krollitt3l@deviantart.com,Female,220.59.44.213,krollitt3l,5221187,9,11/14/2022
131,Abdul,MacLoughlin,amacloughlin3m@plala.or.jp,Male,42.155.151.98,amacloughlin3m,5533854,2,12/25/2022
132,Hector,Butting,,Male,150.112.208.11,hbutting3n,5598315,11,1/18/2023
133,Ede,Izon,eizon3o@businessweek.com,Non-binary,176.204.245.84,eizon3o,7036566,1,4/17/2022
134,Sven,Lillicrap,slillicrap3p@businesswire.com,Genderfluid,211.52.164.190,slillicrap3p,6405079,7,11/9/2022
135,Kenn,Baron,kbaron3q@msn.com,Male,52.239.181.47,kbaron3q,1638697,3,8/1/2022
136,Jarred,Lampens,jlampens3r@digg.com,Male,131.226.145.194,jlampens3r,1813011,12,9/5/2022
137,Savina,Noddle,snoddle3s@sogou.com,Female,131.69.81.8,snoddle3s,6143476,4,5/2/2022
138,Phyllis,Bartholomew,pbartholomew3t@google.ru,Polygender,204.171.33.178,pbartholomew3t,3549553,4,1/22/2023
139,Nedda,Humfrey,nhumfrey3u@digg.com,Female,152.179.35.64,,3536889,11,9/29/2022
140,Gretna,Milham,gmilham3v@nih.gov,Female,177.215.252.47,gmilham3v,4866150,12,6/1/2022
141,Nertie,Ellams,nellams3w@123-reg.co.uk,Female,231.175.55.148,nellams3w,2226880,1,6/19/2022
142,Reidar,Schukraft,rschukraft3x@nydailynews.com,Male,15.78.228.66,rschukraft3x,1981446,7,6/19/2022
143,Burlie,Cleve,bcleve3y@google.ca,Male,36.129.80.240,,3804143,2,10/3/2022
144,Rosalyn,Hoston,rhoston3z@miibeian.gov.cn,Female,151.234.2.83,rhoston3z,4455554,7,8/5/2022
145,Giffer,Matura,gmatura40@chronoengine.com,Male,167.18.104.249,gmatura40,3515412,12,10/26/2022
146,Timothee,Magne,tmagne41@google.pl,Male,244.190.127.194,tmagne41,7801847,2,2/4/2022
147,Kory,Peever,kpeever42@nyu.edu,Male,115.110.198.76,kpeever42,3455962,10,3/4/2022
148,Sidoney,Arens,sarens43@ucoz.com,Female,67.94.238.174,sarens43,4854346,12,3/12/2022
149,Vick,Trippett,vtrippett44@timesonline.co.uk,Male,185.193.33.41,vtrippett44,9271093,8,4/11/2022
150,Con,Kelk,ckelk45@xrea.com,Male,220.199.21.189,ckelk45,1183370,3,11/6/2022
151,Hamish,Teodorski,hteodorski46@paypal.com,Male,166.210.94.192,hteodorski46,1325671,2,11/14/2022
152,Hasty,Radclyffe,hradclyffe47@google.ca,Male,16.197.243.185,hradclyffe47,3018816,7,5/19/2022
153,Abie,Grinley,,Male,101.152.206.155,,2943169,4,7/18/2022
154,Almeda,Chittey,achittey49@boston.com,Female,44.171.47.199,achittey49,4837788,1,9/24/2022
155,Dorian,Nestoruk,dnestoruk4a@cbc.ca,Male,68.172.49.49,dnestoruk4a,8300515,6,1/4/2023
156,Fernande,Pafford,fpafford4b@boston.com,Female,20.114.108.24,fpafford4b,3873151,8,5/10/2022
157,Abby,Blakey,ablakey4c@macromedia.com,Male,175.223.171.95,ablakey4c,6594077,1,3/18/2022
158,Borg,Heeps,bheeps4d@europa.eu,Male,148.236.137.208,bheeps4d,5299708,2,5/29/2022
159,Wilow,McQuarter,wmcquarter4e@joomla.org,Female,242.37.131.45,wmcquarter4e,1536509,5,1/30/2022
160,Arie,Vivians,avivians4f@chicagotribune.com,Male,102.255.161.239,avivians4f,8854814,7,5/23/2022
161,Mikael,Belfelt,mbelfelt4g@ycombinator.com,Male,40.159.157.253,mbelfelt4g,8158815,1,12/4/2022
162,Pablo,Beaushaw,pbeaushaw4h@google.de,Male,191.107.147.187,pbeaushaw4h,3365048,2,4/23/2022
163,Abeu,Agnolo,aagnolo4i@ihg.com,Male,41.217.207.144,aagnolo4i,130198,2,6/14/2022
164,Jodie,Hardy,jhardy4j@boston.com,Male,144.179.87.54,jhardy4j,2646019,10,12/10/2022
165,Natala,Malthus,nmalthus4k@usnews.com,Female,84.186.129.106,nmalthus4k,3666713,1,5/2/2022
166,Malvina,Lidgett,mlidgett4l@unblog.fr,Polygender,85.88.10.119,mlidgett4l,242794,6,7/17/2022
167,Gherardo,Mish,,Male,206.69.233.152,gmish4m,1616688,3,1/19/2023
168,Skippy,Marler,smarler4n@patch.com,Genderfluid,192.72.89.60,smarler4n,4968389,7,4/24/2022
169,Aldous,Marieton,,Male,240.146.62.24,amarieton4o,1713198,3,11/10/2022
170,Emmett,Pyffe,epyffe4p@java.com,Male,84.251.220.176,,171141,9,4/18/2022
171,Margaux,Borgars,mborgars4q@godaddy.com,Female,87.238.118.25,mborgars4q,9103830,4,2/10/2022
172,Berrie,De Cristofalo,bdecristofalo4r@va.gov,Female,107.211.234.206,bdecristofalo4r,3014719,2,5/23/2022
173,Querida,Devenport,qdevenport4s@hc360.com,Female,46.173.206.184,,4414911,2,4/24/2022
174,Panchito,Spleving,pspleving4t@csmonitor.com,Male,209.53.60.123,pspleving4t,8773588,8,9/6/2022
175,Shawnee,Schout,sschout4u@eepurl.com,Female,137.17.55.182,,3534956,1,5/14/2022
176,Jemimah,Turbill,jturbill4v@list-manage.com,Genderqueer,153.213.127.74,jturbill4v,6451926,12,8/26/2022
177,Peirce,Eusden,peusden4w@go.com,,133.48.186.222,,8707636,8,2/7/2022
178,Hyman,Collishaw,hcollishaw4x@examiner.com,,5.143.64.51,hcollishaw4x,6889374,3,3/5/2022
179,Clim,Riseborough,criseborough4y@google.de,Male,211.215.46.132,criseborough4y,2577553,12,10/9/2022
180,Sonny,Vaughten,svaughten4z@icq.com,Female,113.129.190.48,svaughten4z,8620426,9,9/6/2022
181,Penelopa,Rigbye,,Non-binary,122.183.126.59,prigbye50,3188706,6,11/6/2022
182,Aldwin,Spadollini,aspadollini51@weebly.com,Male,22.160.160.20,aspadollini51,1002910,5,8/22/2022
183,Bradly,Montrose,bmontrose52@arizona.edu,Male,93.148.60.225,,1906021,3,3/12/2022
184,Ericha,Lindfors,elindfors53@miitbeian.gov.cn,Female,97.49.52.224,elindfors53,3924088,2,9/5/2022
185,Courtney,Shakesby,cshakesby54@hugedomains.com,Female,113.232.140.172,cshakesby54,1671777,7,7/3/2022
186,Jodie,Cortin,jcortin55@chron.com,Male,254.209.183.69,jcortin55,6110699,11,12/30/2022
187,Eileen,Worts,eworts56@posterous.com,Female,9.98.254.91,eworts56,998525,1,1/14/2023
188,Emlyn,Vaughton,evaughton57@multiply.com,Male,11.61.102.109,evaughton57,9863966,4,5/4/2022
189,Eveline,Broadley,ebroadley58@shinystat.com,Female,50.3.204.239,ebroadley58,2183567,6,12/30/2022
190,Thelma,Luckwell,tluckwell59@indiegogo.com,Female,38.168.137.37,tluckwell59,7498829,6,8/15/2022
191,Devin,Raselles,draselles5a@issuu.com,Female,67.222.34.9,draselles5a,9831797,3,2/21/2022
192,Jesse,Josey,jjosey5b@nifty.com,Male,53.154.179.172,jjosey5b,9851568,2,4/4/2022
193,Jard,Claus,jclaus5c@comcast.net,Male,147.215.216.85,,732795,3,4/26/2022
194,Sheridan,Moodie,smoodie5d@time.com,Male,245.82.160.150,smoodie5d,732416,3,11/10/2022
195,Pietrek,Father,pfather5e@google.de,Male,6.209.83.167,pfather5e,8096251,8,6/22/2022
196,Arlen,Luty,aluty5f@oakley.com,Male,24.109.184.162,aluty5f,8613316,6,5/14/2022
197,Raymond,Linge,rlinge5g@state.tx.us,Male,109.225.162.103,rlinge5g,4430572,9,10/19/2022
198,Cesare,Loffhead,cloffhead5h@e-recht24.de,Male,93.188.12.130,cloffhead5h,1182787,11,4/27/2022
199,Myer,Di Nisco,mdinisco5i@diigo.com,Male,119.71.106.220,mdinisco5i,612407,3,6/20/2022
200,Mata,Weatherell,,Male,0.216.62.5,mweatherell5j,223789,12,9/12/2022
201,Drucill,Grace,dgrace5k@topsy.com,Genderfluid,28.182.27.197,dgrace5k,152290,9,2/5/2022
202,Tabina,Mazzilli,tmazzilli5l@youtube.com,Agender,88.253.233.104,tmazzilli5l,375570,11,5/23/2022
203,Jake,Fanshawe,jfanshawe5m@nytimes.com,Male,198.186.208.59,jfanshawe5m,8985265,10,11/27/2022
204,Giulio,Berlin,gberlin5n@amazon.co.uk,,30.188.214.5,gberlin5n,5740112,11,12/15/2022
205,Ardene,Duffell,aduffell5o@bluehost.com,Female,187.85.68.183,aduffell5o,5874546,7,1/9/2023
206,Michell,Farahar,mfarahar5p@networksolutions.com,,18.5.147.57,mfarahar5p,8505696,8,12/6/2022
207,Melosa,Allery,mallery5q@google.es,Female,178.132.149.197,mallery5q,4832311,1,5/5/2022
208,Holden,Ambage,hambage5r@theatlantic.com,Male,144.249.191.74,hambage5r,6247144,10,4/25/2022
209,Adora,Sends,asends5s@bbc.co.uk,Female,173.59.183.243,asends5s,4089923,7,11/20/2022
210,Mei,Coulsen,,Female,135.200.165.41,mcoulsen5t,8878820,11,1/13/2023
211,Jenica,Glowacha,jglowacha5u@ft.com,Female,204.217.112.18,jglowacha5u,8078005,4,4/13/2022
212,Teador,Luipold,tluipold5v@aol.com,Male,81.20.64.13,tluipold5v,8018740,1,4/30/2022
213,Donal,Raubenheimers,draubenheimers5w@discuz.net,Male,173.127.8.49,draubenheimers5w,6867890,8,2/2/2022
214,Maude,Kenworthey,mkenworthey5x@businessweek.com,Female,163.10.119.104,mkenworthey5x,4295054,6,1/4/2023
215,Lindsy,Lardez,llardez5y@whitehouse.gov,Female,119.59.49.34,llardez5y,3923374,5,12/24/2022
216,Michele,Tiesman,,Male,80.250.132.172,mtiesman5z,7120098,10,4/24/2022
217,Elie,Meriel,emeriel60@boston.com,Female,80.59.175.83,emeriel60,8470447,11,5/22/2022
218,Tressa,Rideout,trideout61@ucla.edu,Female,232.65.140.218,trideout61,467349,10,8/26/2022
219,Robinet,Casaro,,,84.62.1.122,rcasaro62,3660900,4,11/28/2022
220,Hervey,Burtonshaw,,Male,75.193.173.54,hburtonshaw63,1140833,2,10/14/2022
221,Humberto,Tackell,htackell64@sfgate.com,Male,135.131.236.32,htackell64,8672233,4,2/18/2022
222,Lew,Schleicher,lschleicher65@reuters.com,Male,77.127.170.160,lschleicher65,6859553,12,5/14/2022
223,Ethe,Neasam,eneasam66@typepad.com,Male,143.12.20.234,eneasam66,2833232,3,3/10/2022
224,Artie,Henric,ahenric67@histats.com,Male,37.22.169.70,ahenric67,1800107,4,7/11/2022
225,Donia,Grimmer,,,171.229.54.101,dgrimmer68,7746603,11,5/18/2022
226,Inessa,Dakhno,idakhno69@altervista.org,Female,123.224.153.111,idakhno69,2782501,6,3/13/2022
227,Reed,Surplice,rsurplice6a@xing.com,Male,127.241.83.55,rsurplice6a,5905668,7,12/10/2022
228,Corbett,Housley,chousley6b@telegraph.co.uk,Male,219.122.87.168,chousley6b,3266745,12,1/30/2022
229,Nedda,Bardell,nbardell6c@nps.gov,Bigender,215.199.217.1,,6929290,5,12/9/2022
230,Alexina,Sharp,asharp6d@yandex.ru,Female,149.160.176.113,asharp6d,6773708,3,11/6/2022
231,Merilee,Berryann,,Non-binary,6.118.94.194,mberryann6e,3091563,1,11/20/2022
232,Avrom,Foli,afoli6f@godaddy.com,Male,19.90.63.219,afoli6f,5624213,10,7/21/2022
233,Onfroi,Grzegorzewski,ogrzegorzewski6g@wordpress.com,Non-binary,101.221.177.250,ogrzegorzewski6g,1936388,9,9/13/2022
234,Alley,Yewdale,ayewdale6h@blogspot.com,Polygender,134.17.137.38,ayewdale6h,5003831,11,9/7/2022
235,Harald,Moggle,hmoggle6i@apple.com,Male,45.83.74.185,hmoggle6i,2691544,6,12/29/2022
236,Dexter,Heazel,,Male,162.182.77.2,dheazel6j,7812000,12,3/31/2022
237,Traci,Hankinson,thankinson6k@cbc.ca,Female,118.223.187.203,thankinson6k,5885051,9,1/18/2023
238,Dill,Heenan,dheenan6l@de.vu,Male,249.63.25.248,dheenan6l,7334762,9,7/19/2022
239,Maribelle,Struther,mstruther6m@yelp.com,Female,227.45.245.97,,639887,5,6/15/2022
240,Elke,Lorie,elorie6n@ebay.co.uk,Female,172.54.18.128,elorie6n,2412470,2,11/15/2022
241,Adriaens,Sinderland,asinderland6o@hao123.com,Genderfluid,19.136.16.61,asinderland6o,2681262,3,8/13/2022
242,Meg,Bridgewater,mbridgewater6p@ihg.com,Polygender,88.64.255.157,mbridgewater6p,3264514,7,6/16/2022
243,Lauralee,Alexandre,lalexandre6q@wisc.edu,Female,7.55.85.135,,1886262,7,11/24/2022
244,Honor,Rockliffe,hrockliffe6r@people.com.cn,Female,77.99.163.242,,1728694,1,3/15/2022
245,Giorgio,Cloute,gcloute6s@github.com,Male,252.147.206.224,gcloute6s,3154459,8,1/19/2023
246,Franciska,Hartley,fhartley6t@apple.com,Female,105.213.130.44,fhartley6t,1548713,7,8/2/2022
247,Jacqueline,Blacksland,jblacksland6u@ask.com,Female,200.173.79.151,jblacksland6u,3854927,11,7/6/2022
248,Nataniel,Parlot,nparlot6v@woothemes.com,Male,116.51.51.229,nparlot6v,7247735,2,8/10/2022
249,Corene,Butteris,cbutteris6w@mit.edu,Female,201.174.39.9,cbutteris6w,1161948,2,12/26/2022
250,Marnia,Reekie,mreekie6x@ihg.com,Female,82.51.229.129,mreekie6x,8349518,10,4/16/2022
251,Jareb,Stent,jstent6y@hexun.com,Genderqueer,218.42.148.149,jstent6y,9613945,1,12/17/2022
252,Sigismund,De Bernardi,sdebernardi6z@shop-pro.jp,,236.41.0.229,sdebernardi6z,3236546,7,9/18/2022
253,Lanie,Bonnick,lbonnick70@feedburner.com,Female,16.236.15.108,lbonnick70,7776797,9,6/22/2022
254,Inge,Leas,ileas71@shareasale.com,,33.149.130.61,ileas71,8550254,1,9/25/2022
255,Perl,Kapelhoff,pkapelhoff72@netlog.com,Female,65.48.9.199,pkapelhoff72,9587127,3,12/26/2022
256,Willamina,Brumhead,wbrumhead73@istockphoto.com,Female,25.157.15.110,,7389000,10,10/26/2022
257,Sammy,Lawn,slawn74@eepurl.com,Genderfluid,114.115.24.93,,948999,10,9/23/2022
258,Vinita,Atwool,vatwool75@narod.ru,Female,47.230.251.205,vatwool75,9187359,7,9/9/2022
259,Johnathan,Bjerkan,jbjerkan76@census.gov,,100.164.30.68,,3754485,3,10/29/2022
260,Lil,Paaso,lpaaso77@pen.io,Female,181.39.242.3,lpaaso77,4896076,10,7/10/2022
261,Gordon,Martineau,gmartineau78@chron.com,Male,21.73.227.60,gmartineau78,7061829,6,2/5/2022
262,Gerik,Kellitt,gkellitt79@eventbrite.com,Male,50.215.233.212,gkellitt79,761147,2,9/9/2022
263,Jodie,Holwell,jholwell7a@google.es,Female,71.246.105.221,,5682513,8,8/14/2022
264,Kassie,Passler,kpassler7b@github.io,Agender,47.148.114.188,kpassler7b,498028,1,2/13/2022
265,Aldwin,Schwieso,aschwieso7c@techcrunch.com,Male,230.92.66.97,aschwieso7c,2067367,1,1/28/2023
266,Emmanuel,Haines,ehaines7d@storify.com,Male,200.211.162.248,ehaines7d,4719276,9,3/28/2022
267,Wesley,Lazar,wlazar7e@mapquest.com,Male,53.135.125.96,wlazar7e,1856257,8,8/27/2022
268,Devan,Tolputt,dtolputt7f@dailymail.co.uk,Female,115.117.61.9,dtolputt7f,5182128,10,4/18/2022
269,Jodi,Ferruzzi,,Female,143.19.127.122,jferruzzi7g,1393623,6,5/23/2022
270,Ray,Larcier,rlarcier7h@pinterest.com,Male,31.80.228.31,rlarcier7h,7501849,7,2/24/2022
271,Raynard,Bromilow,rbromilow7i@odnoklassniki.ru,Male,53.57.196.95,rbromilow7i,6268568,6,3/11/2022
272,Ferdinand,Grierson,fgrierson7j@economist.com,Male,130.160.54.7,fgrierson7j,2210022,7,3/10/2022
273,Violetta,Rutter,vrutter7k@4shared.com,Female,107.37.195.164,vrutter7k,7248884,9,8/20/2022
274,Mariquilla,Fetherby,,Female,157.38.19.237,mfetherby7l,4523217,5,1/8/2023
275,Lavina,Tremayne,ltremayne7m@geocities.jp,Female,197.237.178.96,ltremayne7m,9065805,2,2/7/2022
276,Irv,Weeke,iweeke7n@flavors.me,Male,192.62.15.125,,725666,7,9/28/2022
277,Cele,Wheal,,,237.107.93.124,cwheal7o,9518287,1,7/11/2022
278,Giffie,Steventon,gsteventon7p@businessinsider.com,Male,233.101.193.69,,8668146,11,1/27/2023
279,Allina,Gerrey,agerrey7q@walmart.com,Female,141.223.157.209,agerrey7q,8765402,10,8/10/2022
280,Tedda,Guarin,tguarin7r@pcworld.com,Female,201.174.24.216,tguarin7r,5797027,8,4/23/2022
281,Maryl,Roakes,mroakes7s@ted.com,Female,146.195.135.190,mroakes7s,9163717,5,8/5/2022
282,Debee,Durie,ddurie7t@issuu.com,Female,199.136.146.40,ddurie7t,6808821,5,3/16/2022
283,Karoline,Premble,kpremble7u@bloglovin.com,Female,147.140.84.239,,4879705,9,6/2/2022
284,Ruttger,Dutt,,Male,229.155.89.128,rdutt7v,4647206,5,8/7/2022
285,Dorella,Wulfinger,,Female,164.33.116.88,dwulfinger7w,5822950,10,4/28/2022
286,Maren,Bettley,mbettley7x@irs.gov,Female,230.200.129.137,mbettley7x,2779863,8,6/27/2022
287,Aluin,World,aworld7y@time.com,Male,243.192.49.89,aworld7y,464025,11,1/10/2023
288,Michaelina,Dobkin,mdobkin7z@comcast.net,,214.71.232.56,mdobkin7z,2183254,11,9/14/2022
289,Lucienne,Pierri,lpierri80@dailymotion.com,,111.98.35.162,lpierri80,8145629,6,2/21/2022
290,Reggi,Placide,rplacide81@google.com.br,Female,52.74.34.50,rplacide81,9814553,8,1/24/2023
291,Cassey,Salandino,csalandino82@dagondesign.com,Female,54.28.69.10,csalandino82,8983108,7,8/4/2022
292,Currie,Carberry,ccarberry83@artisteer.com,Male,90.165.117.252,ccarberry83,5682093,11,2/4/2022
293,Nonie,Helks,nhelks84@soundcloud.com,Female,179.2.69.200,nhelks84,7677883,12,12/8/2022
294,Carrissa,Gerrans,cgerrans85@hatena.ne.jp,Female,198.48.213.23,cgerrans85,8926029,2,12/13/2022
295,Tobin,Whoston,,Male,28.219.144.136,twhoston86,8145886,10,4/4/2022
296,Joli,Devonshire,,Female,42.20.74.218,jdevonshire87,254083,12,1/11/2023
297,Gabbey,Zambonini,gzambonini88@yahoo.com,Female,199.131.68.35,,5354196,7,2/10/2022
298,Clerissa,Denisyev,,Female,113.195.242.209,cdenisyev89,584313,11,8/19/2022
299,Aron,Bletso,abletso8a@bandcamp.com,Male,33.153.132.178,abletso8a,9762032,9,3/7/2022
300,Wit,Drinnan,wdrinnan8b@auda.org.au,Male,133.222.102.148,,1056827,10,4/14/2022
301,Kim,Edess,,Male,48.99.212.230,kedess8c,4046316,5,12/27/2022
302,Tim,Clinnick,,Bigender,175.154.179.165,tclinnick8d,6969614,2,3/30/2022
303,Marline,Preist,mpreist8e@home.pl,Female,238.167.32.57,mpreist8e,6167140,10,2/26/2022
304,Enrique,Applegarth,eapplegarth8f@wp.com,Genderfluid,84.10.234.64,eapplegarth8f,2635372,10,9/23/2022
305,Janith,Atcock,jatcock8g@techcrunch.com,,250.183.244.139,jatcock8g,8097649,1,1/5/2023
306,Cullan,Ogdahl,cogdahl8h@ihg.com,Male,15.96.21.229,cogdahl8h,8411141,4,7/2/2022
307,Tobias,Le Teve,tleteve8i@indiatimes.com,Male,117.242.68.186,tleteve8i,3530740,10,10/1/2022
308,Marshal,Gauntley,mgauntley8j@fema.gov,Male,19.23.124.47,mgauntley8j,5304342,11,3/24/2022
309,Phaedra,Milne,pmilne8k@sphinn.com,Female,165.202.159.61,,5490823,2,11/14/2022
310,Cathe,Breydin,cbreydin8l@cpanel.net,Female,100.95.149.0,cbreydin8l,4227631,10,5/10/2022
311,Gearalt,Zoellner,gzoellner8m@yelp.com,Male,141.210.151.185,gzoellner8m,6291844,7,8/2/2022
312,Tiffani,Phoenix,tphoenix8n@over-blog.com,Female,36.128.183.120,tphoenix8n,4279266,1,6/27/2022
313,Lambert,Forsythe,lforsythe8o@prweb.com,Male,141.249.42.234,lforsythe8o,8677340,10,11/30/2022
314,Jobey,Rolance,jrolance8p@hud.gov,Female,37.104.5.75,jrolance8p,7679069,12,6/29/2022
315,Artemis,Kavanagh,,Male,135.93.171.0,akavanagh8q,2372253,3,1/1/2023
316,Ignatius,Treker,itreker8r@examiner.com,Male,233.102.25.57,itreker8r,2923323,10,9/10/2022
317,Cinderella,Duffell,cduffell8s@wikimedia.org,Female,30.32.208.220,cduffell8s,3278978,8,6/21/2022
318,Stacee,Ramstead,sramstead8t@ehow.com,Female,201.122.241.132,sramstead8t,4430610,10,6/12/2022
319,Benjy,Ottery,bottery8u@google.com.br,Male,204.181.244.32,bottery8u,9387775,6,11/26/2022
320,Scarface,Napthine,,Male,11.153.141.240,snapthine8v,8750446,8,4/30/2022
321,Tadeas,Feronet,tferonet8w@jalbum.net,Male,135.163.44.154,tferonet8w,6636373,11,10/11/2022
322,Danya,Slocket,dslocket8x@jimdo.com,Male,229.222.134.186,dslocket8x,4664240,2,10/27/2022
323,Nert,Goodluck,ngoodluck8y@lycos.com,Female,203.85.173.189,ngoodluck8y,4081054,6,8/8/2022
324,Celinda,O'Rudden,corudden8z@usda.gov,Female,93.161.208.122,corudden8z,6052537,2,6/5/2022
325,Kippie,Demer,kdemer90@squarespace.com,Female,245.105.41.254,kdemer90,1233591,7,6/17/2022
326,Norbie,Rodgers,nrodgers91@homestead.com,Male,202.49.235.96,,1732380,8,1/18/2023
327,Charla,Wetter,cwetter92@i2i.jp,,141.101.150.243,cwetter92,7193450,9,12/3/2022
328,Bert,Glenn,bglenn93@ft.com,Male,145.145.57.124,bglenn93,9443263,1,5/21/2022
329,Julissa,Taggart,jtaggart94@cargocollective.com,Female,17.146.198.99,jtaggart94,9244207,12,6/22/2022
330,Franklin,Errey,ferrey95@e-recht24.de,Male,193.101.218.47,ferrey95,8954731,8,8/19/2022
331,Edwin,Ridger,eridger96@360.cn,Male,195.84.120.201,eridger96,1034864,3,11/11/2022
332,Gris,Bohan,gbohan97@bing.com,Male,150.0.53.36,gbohan97,5911306,6,2/9/2022
333,Raina,Costen,rcosten98@devhub.com,Female,234.206.213.137,rcosten98,2888686,2,7/9/2022
334,Georgette,Sherwen,gsherwen99@nsw.gov.au,Female,131.109.67.159,gsherwen99,131282,10,6/13/2022
335,Terrie,Ardley,,,23.56.4.64,tardley9a,8595287,4,1/9/2023
336,Sonni,Whitehorn,swhitehorn9b@engadget.com,Female,12.172.247.252,,3841449,8,8/28/2022
337,Tootsie,Chessman,tchessman9c@unc.edu,Female,17.57.157.28,tchessman9c,5873010,8,8/3/2022
338,Meagan,Zecchii,mzecchii9d@latimes.com,Female,201.72.129.149,mzecchii9d,751988,7,6/17/2022
339,Theo,Lacky,,Female,24.233.37.31,tlacky9e,7076571,12,3/11/2022
340,Levi,de Pinna,ldepinna9f@prlog.org,Male,222.72.184.255,ldepinna9f,4460388,5,8/8/2022
341,Bartholomeus,Guynemer,bguynemer9g@mayoclinic.com,Bigender,81.88.128.45,bguynemer9g,6275154,9,5/17/2022
342,Tristan,Antoons,tantoons9h@europa.eu,Male,100.246.238.11,,110447,2,6/23/2022
343,Merilee,Tanfield,mtanfield9i@tmall.com,Female,163.98.189.145,mtanfield9i,3724705,3,7/20/2022
344,Eda,Meuse,emeuse9j@123-reg.co.uk,Female,229.174.91.10,emeuse9j,160159,7,6/18/2022
345,Rhett,Blasoni,,Male,125.69.164.180,rblasoni9k,3697619,10,6/8/2022
346,Marita,Damper,mdamper9l@cyberchimps.com,Female,67.153.142.87,,5710750,5,9/22/2022
347,Rube,Packham,rpackham9m@go.com,Genderfluid,255.39.39.132,rpackham9m,697106,1,10/12/2022
348,Davide,Wyeth,dwyeth9n@wufoo.com,Male,48.173.33.5,dwyeth9n,6232008,2,4/29/2022
349,Butch,Kynforth,bkynforth9o@privacy.gov.au,Male,175.68.127.28,,4548334,7,6/16/2022
350,Freddy,Gargett,fgargett9p@photobucket.com,Male,12.217.178.74,fgargett9p,6837749,8,6/14/2022
351,Janessa,McBrearty,jmcbrearty9q@adobe.com,Female,121.93.195.192,jmcbrearty9q,1434002,5,3/29/2022
352,Cassie,Burcher,cburcher9r@google.co.jp,Male,160.96.49.165,cburcher9r,6665889,10,3/8/2022
353,Hugo,Blabber,hblabber9s@themeforest.net,Male,73.195.136.252,hblabber9s,8383110,9,9/6/2022
354,Deny,Bitcheno,dbitcheno9t@tumblr.com,,196.41.184.192,dbitcheno9t,2309291,1,7/1/2022
355,Jacquette,Lawless,jlawless9u@myspace.com,Female,251.243.223.252,jlawless9u,8909265,6,9/26/2022
356,Barthel,Saladin,bsaladin9v@hatena.ne.jp,Male,116.25.192.140,bsaladin9v,2022970,7,4/5/2022
357,Lita,Mor,lmor9w@vinaora.com,Polygender,12.70.115.46,lmor9w,131244,1,12/3/2022
358,Nilson,Onraet,nonraet9x@google.pl,Male,117.151.22.10,nonraet9x,6346337,5,1/14/2023
359,Donn,Kalf,,Male,124.178.255.255,dkalf9y,7434419,8,9/11/2022
360,Wells,McGlue,wmcglue9z@t-online.de,Male,183.55.66.87,wmcglue9z,3950695,12,10/19/2022
361,Cathi,O'Hanley,,Female,221.24.122.24,cohanleya0,5086325,4,8/27/2022
362,Tuck,Crut,tcruta1@360.cn,Male,169.192.79.68,tcruta1,5351442,2,10/21/2022
363,Patty,Scotchforth,pscotchfortha2@barnesandnoble.com,Male,219.255.66.145,pscotchfortha2,7809770,8,12/19/2022
364,Dara,Cordeiro,dcordeiroa3@dagondesign.com,Female,175.170.155.107,dcordeiroa3,6375742,3,1/12/2023
365,Foster,Yellowlee,fyellowleea4@prlog.org,Polygender,80.150.124.20,fyellowleea4,3737199,1,5/26/2022
366,Klara,Skey,kskeya5@paypal.com,Female,88.222.77.99,kskeya5,6078726,11,11/5/2022
367,Bernetta,Cornejo,bcornejoa6@cnet.com,Female,111.64.233.14,bcornejoa6,7683511,3,4/11/2022
368,Devin,Happs,dhappsa7@google.it,Male,128.80.62.34,dhappsa7,8066054,11,8/19/2022
369,Hagen,Sibille,hsibillea8@hao123.com,Male,53.13.189.83,hsibillea8,3138557,12,8/11/2022
370,Sig,Bossom,sbossoma9@tinypic.com,Male,127.158.237.237,sbossoma9,1284097,5,5/2/2022
371,Oliviero,Lukash,olukashaa@mlb.com,Bigender,248.101.55.13,olukashaa,139328,9,2/22/2022
372,Aila,Featherston,,,223.116.169.245,afeatherstonab,543852,11,10/8/2022
373,Reidar,Kneath,rkneathac@tinyurl.com,Male,176.216.158.91,rkneathac,3356573,8,3/23/2022
374,Cele,Dael,cdaelad@shareasale.com,Female,242.237.154.113,cdaelad,9541822,1,2/6/2022
375,Rolfe,Mityashev,rmityashevae@globo.com,Male,59.143.229.185,rmityashevae,6043142,5,7/23/2022
376,Hall,Woolrich,hwoolrichaf@nba.com,Male,238.149.91.124,hwoolrichaf,2599091,1,9/10/2022
377,Antonetta,Crack,acrackag@nytimes.com,Genderfluid,4.4.56.38,acrackag,1695715,8,11/16/2022
378,Kristofor,Trevethan,ktrevethanah@163.com,Male,237.127.108.235,ktrevethanah,6435564,11,3/27/2022
379,Kareem,Perrigo,kperrigoai@economist.com,Male,172.121.152.78,kperrigoai,2342664,10,6/11/2022
380,Den,Grayshan,dgrayshanaj@istockphoto.com,Male,191.134.254.70,dgrayshanaj,6459737,8,2/16/2022
381,Foster,Lynas,flynasak@a8.net,Male,17.90.252.73,flynasak,6625955,11,4/29/2022
382,Flo,Gwyneth,fgwynethal@wunderground.com,Female,158.97.213.127,,230505,1,9/30/2022
383,Caresse,McKibben,cmckibbenam@bloglovin.com,Female,253.53.211.154,cmckibbenam,2240881,5,1/11/2023
384,Cairistiona,Weerdenburg,cweerdenburgan@stanford.edu,,230.176.242.195,cweerdenburgan,4036615,11,7/4/2022
385,Emeline,Borth,eborthao@howstuffworks.com,Female,163.191.0.100,eborthao,311070,2,10/7/2022
386,Donnie,Rembrandt,drembrandtap@unesco.org,Female,163.199.126.66,drembrandtap,5553601,8,3/16/2022
387,Penelopa,Lammerding,plammerdingaq@artisteer.com,Female,21.16.110.139,plammerdingaq,3903334,8,3/23/2022
388,Julianna,Creser,jcreserar@netscape.com,Female,228.51.140.24,jcreserar,8633491,1,11/8/2022
389,Geordie,Sodory,gsodoryas@huffingtonpost.com,Genderqueer,88.161.23.8,gsodoryas,9308355,4,1/30/2022
390,Thomasina,Tabb,ttabbat@live.com,Female,185.156.157.96,,749534,1,1/14/2023
391,Margaux,Skedgell,,Female,240.253.206.245,mskedgellau,854592,6,1/7/2023
392,Mareah,Ouver,mouverav@dot.gov,Female,163.201.182.214,,9649004,7,11/20/2022
393,Harrison,Dixey,hdixeyaw@xrea.com,Male,162.103.34.120,hdixeyaw,6202254,8,10/10/2022
394,Ernesto,Donnett,edonnettax@nature.com,Male,238.124.31.239,edonnettax,6344711,11,1/1/2023
395,Adelice,Gooderson,agoodersonay@friendfeed.com,Female,102.124.84.75,agoodersonay,1602977,3,4/9/2022
396,Regen,Adamkiewicz,radamkiewiczaz@mapquest.com,Male,35.36.91.183,,2904013,7,5/10/2022
397,Sabina,Andrea,sandreab0@behance.net,Female,67.174.84.210,sandreab0,8551691,11,8/29/2022
398,Miran,Huskisson,mhuskissonb1@paypal.com,Female,41.166.247.215,mhuskissonb1,6579270,10,1/2/2023
399,Goldarina,Pynn,gpynnb2@studiopress.com,Female,55.185.65.222,gpynnb2,9708774,10,8/8/2022
400,Dev,St Ange,,Male,37.185.71.185,dstangeb3,4224115,7,2/16/2022
401,Caldwell,Grannell,cgrannellb4@marriott.com,Male,74.233.168.196,cgrannellb4,7949426,12,5/24/2022
402,Barron,Fortnum,bfortnumb5@army.mil,Male,22.100.197.7,bfortnumb5,1362838,8,10/18/2022
403,Winnah,Paylor,,Female,175.136.182.44,wpaylorb6,9318420,8,9/5/2022
404,Edik,Wraighte,ewraighteb7@house.gov,Male,246.197.199.225,ewraighteb7,6897505,1,10/16/2022
405,Emilee,Colleton,,Female,64.115.102.180,,9005796,12,4/25/2022
406,Kennith,Ganderton,kgandertonb9@nih.gov,Male,4.156.139.228,kgandertonb9,1921049,10,8/3/2022
407,Dannie,Crimpe,dcrimpeba@edublogs.org,Female,195.117.224.61,,6885342,12,9/13/2022
408,Charlie,Edmed,cedmedbb@addtoany.com,Male,214.101.80.196,,5759035,2,9/1/2022
409,Micheal,Milthorpe,mmilthorpebc@jigsy.com,Male,12.176.165.200,mmilthorpebc,7080360,3,1/22/2023
410,Keen,Diem,kdiembd@latimes.com,Male,116.48.68.127,kdiembd,7362301,2,1/29/2022
411,Appolonia,Prettejohns,aprettejohnsbe@reddit.com,Female,206.61.26.187,,6231092,9,2/20/2022
412,Merla,Antonacci,mantonaccibf@unblog.fr,Female,10.143.198.225,,605580,1,12/14/2022
413,Baird,Cleminshaw,,Male,86.129.71.109,bcleminshawbg,6442964,2,7/6/2022
414,Bjorn,Barfield,bbarfieldbh@google.com.br,Male,34.174.228.63,bbarfieldbh,4857380,6,3/29/2022
415,Shanie,Stopps,,Female,18.177.78.110,sstoppsbi,9639303,9,3/30/2022
416,Edi,Erik,eerikbj@dailymail.co.uk,Female,37.186.200.74,eerikbj,5247992,4,1/18/2023
417,Flinn,Wither,,,143.17.244.93,fwitherbk,386888,1,4/29/2022
418,Port,Husbands,phusbandsbl@abc.net.au,Male,21.101.73.207,phusbandsbl,7747175,4,7/15/2022
419,Sarah,Shuttlewood,sshuttlewoodbm@epa.gov,Female,55.183.153.160,sshuttlewoodbm,5401706,3,7/22/2022
420,Renae,Naulls,rnaullsbn@reuters.com,Female,140.223.122.152,rnaullsbn,6138726,9,6/7/2022
421,Danya,Janning,djanningbo@go.com,Female,80.143.85.204,djanningbo,3120474,2,8/18/2022
422,Dionis,Harston,dharstonbp@skype.com,Female,195.140.107.30,dharstonbp,8695499,5,5/3/2022
423,Robinia,Tomczykowski,rtomczykowskibq@gnu.org,Female,226.7.31.244,rtomczykowskibq,3295441,6,10/27/2022
424,Dewitt,Rampling,dramplingbr@homestead.com,Polygender,175.179.24.10,dramplingbr,7464812,4,6/7/2022
425,Konstantine,Dominey,kdomineybs@virginia.edu,,220.73.93.173,kdomineybs,1774972,12,7/23/2022
426,Padraig,Gehrels,pgehrelsbt@timesonline.co.uk,Male,74.210.28.109,pgehrelsbt,8065301,10,8/18/2022
427,Charlotta,Davydochkin,cdavydochkinbu@networkadvertising.org,Female,32.96.117.12,cdavydochkinbu,4729216,10,9/23/2022
428,Bord,Kief,bkiefbv@washingtonpost.com,Male,179.197.2.200,bkiefbv,7611570,4,9/12/2022
429,Alexei,Riggoll,ariggollbw@histats.com,Male,8.86.121.1,ariggollbw,924886,2,7/3/2022
430,Adela,Meegan,ameeganbx@ning.com,Genderqueer,104.51.223.137,ameeganbx,8710983,11,11/1/2022
431,Bobby,Spileman,bspilemanby@microsoft.com,Female,23.131.64.179,bspilemanby,5298916,5,9/28/2022
432,Laurianne,Sturm,lsturmbz@lycos.com,Female,226.12.205.108,,3809478,4,5/28/2022
433,Cordy,Castagne,ccastagnec0@xinhuanet.com,Female,134.30.243.29,ccastagnec0,9455248,5,11/7/2022
434,Steward,Raysdale,sraysdalec1@drupal.org,Male,45.37.137.48,sraysdalec1,6204030,11,2/23/2022
435,Yurik,Durling,ydurlingc2@mac.com,Male,32.24.183.84,ydurlingc2,5453621,3,9/2/2022
436,Jacklin,Cumberbatch,jcumberbatchc3@earthlink.net,Female,78.254.245.156,jcumberbatchc3,7248223,12,5/8/2022
437,Jamie,Fern,jfernc4@house.gov,Bigender,68.72.241.55,jfernc4,2579819,7,2/26/2022
438,Udell,Barwell,ubarwellc5@yahoo.co.jp,Male,227.149.231.88,ubarwellc5,1369826,5,3/16/2022
439,Fredek,Driscoll,fdriscollc6@ameblo.jp,Agender,135.1.226.92,fdriscollc6,7075041,10,11/3/2022
440,Brad,Winscum,bwinscumc7@washington.edu,Male,175.36.145.83,,2138984,4,10/25/2022
441,Herbie,Lind,hlindc8@amazon.com,Male,220.225.16.29,hlindc8,459571,5,8/31/2022
442,Kerstin,Luggar,kluggarc9@lulu.com,Female,182.230.79.255,kluggarc9,7999145,9,10/1/2022
443,Pet,Kendrick,pkendrickca@microsoft.com,Female,119.55.133.201,pkendrickca,3442371,10,12/24/2022
444,Corby,Cattle,ccattlecb@google.it,Male,25.51.170.102,ccattlecb,1057968,7,4/30/2022
445,Germayne,Ajsik,gajsikcc@microsoft.com,Male,83.144.86.144,gajsikcc,6164656,2,6/17/2022
446,Clare,Van Eeden,,Male,157.124.228.86,,9375589,11,1/16/2023
447,Giavani,Giacometti,ggiacomettice@usa.gov,Male,74.5.104.89,ggiacomettice,8557026,4,10/31/2022
448,Carmela,Gurnell,cgurnellcf@technorati.com,Female,195.196.167.43,cgurnellcf,5806138,11,4/29/2022
449,Sunny,Tretter,strettercg@abc.net.au,Male,68.255.176.243,strettercg,5722205,2,8/19/2022
450,Drusilla,McFaul,dmcfaulch@chicagotribune.com,Female,169.39.82.245,dmcfaulch,3772755,8,8/20/2022
451,Hamish,Wetherill,hwetherillci@gmpg.org,Male,30.90.126.183,hwetherillci,4280238,7,2/5/2022
452,Valery,Barrick,vbarrickcj@globo.com,Female,247.115.150.231,vbarrickcj,4704982,9,8/30/2022
453,Inglebert,Eaken,ieakenck@artisteer.com,Male,61.37.125.13,ieakenck,8227299,7,6/14/2022
454,Alica,Megarry,,Genderqueer,177.182.8.44,,1588358,11,12/14/2022
455,Ramsey,Probbin,rprobbincm@un.org,Genderqueer,125.131.153.10,rprobbincm,1437437,7,11/16/2022
456,Katey,Leitch,kleitchcn@xinhuanet.com,Female,175.37.151.68,kleitchcn,7818965,4,8/21/2022
457,Rodolphe,Foggo,rfoggoco@google.nl,Male,26.92.76.250,rfoggoco,8832140,4,12/21/2022
458,Dix,Hryniewicki,,Female,27.51.74.69,dhryniewickicp,1257329,1,8/24/2022
459,Pincas,Medlar,pmedlarcq@themeforest.net,Male,108.144.190.40,pmedlarcq,1216250,9,7/17/2022
460,Rossie,Wabersinke,rwabersinkecr@jimdo.com,Male,6.77.163.214,rwabersinkecr,8074079,4,11/24/2022
461,Avie,Saket,asaketcs@etsy.com,Female,146.14.52.233,asaketcs,8792937,10,9/12/2022
462,Austin,Gorce,,Female,250.49.191.211,agorcect,6429064,2,10/21/2022
463,Sallee,Balfre,,Female,242.19.222.247,sbalfrecu,6511051,4,8/20/2022
464,Iver,Liebrecht,,Male,28.47.249.37,iliebrechtcv,4964439,10,5/4/2022
465,Queenie,Standish-Brooks,qstandishbrookscw@mozilla.org,Non-binary,77.105.37.78,qstandishbrookscw,7049876,4,4/14/2022
466,Vania,Flecknell,vflecknellcx@wordpress.com,Female,236.206.155.68,vflecknellcx,8503825,9,6/23/2022
467,Grange,Lowsely,,Male,154.6.86.250,glowselycy,1363208,10,5/18/2022
468,Guss,Dreus,gdreuscz@w3.org,Male,41.36.21.133,gdreuscz,6937611,8,9/11/2022
469,Sheelah,Michelin,smichelind0@nytimes.com,Female,78.246.72.175,smichelind0,2084881,11,9/17/2022
470,Cchaddie,Shreeves,cshreevesd1@cnn.com,Genderqueer,53.160.161.185,cshreevesd1,793507,10,9/18/2022
471,Bellanca,Hubatsch,bhubatschd2@nih.gov,,35.222.148.177,bhubatschd2,6487299,1,5/9/2022
472,Quintina,Rubertis,qrubertisd3@live.com,Female,102.12.80.60,qrubertisd3,4277912,6,9/12/2022
473,Iormina,Shields,ishieldsd4@netlog.com,Female,3.170.41.17,ishieldsd4,9399893,2,3/26/2022
474,Doug,Kilfeder,dkilfederd5@un.org,Male,59.121.56.116,dkilfederd5,9158836,11,2/19/2022
475,Chad,Cavet,ccavetd6@redcross.org,Male,70.192.132.76,ccavetd6,2978724,1,8/12/2022
476,Barnard,Richardt,,Male,198.167.159.207,brichardtd7,8797734,11,12/6/2022
477,Davey,Uebel,duebeld8@telegraph.co.uk,Male,181.62.246.122,duebeld8,958825,9,1/9/2023
478,Hedvige,Rawlingson,hrawlingsond9@qq.com,Female,219.220.188.240,,3978003,11,4/9/2022
479,Tiebold,Merman,tmermanda@constantcontact.com,Male,148.112.214.141,tmermanda,7787088,6,1/18/2023
480,Hagan,Byres,,Male,110.115.203.130,hbyresdb,5732017,10,3/14/2022
481,Erik,Goolding,egooldingdc@geocities.com,Male,115.20.214.16,egooldingdc,4182175,4,3/15/2022
482,Emmery,Mullany,,Male,177.236.173.135,emullanydd,7592629,12,3/7/2022
483,Marcille,Dellenty,mdellentyde@nsw.gov.au,Female,91.174.204.8,mdellentyde,5364629,4,7/28/2022
484,Tedd,Vivians,tviviansdf@bigcartel.com,Male,127.111.54.96,tviviansdf,705504,2,9/9/2022
485,Myles,Onele,,Male,76.231.172.109,moneledg,4558238,4,9/30/2022
486,Edy,Chamberlaine,,Genderqueer,81.186.189.167,echamberlainedh,8959083,6,2/23/2022
487,Maxim,Lodewick,mlodewickdi@behance.net,Male,108.29.146.203,,8236095,4,12/28/2022
488,Reggie,Kinkade,rkinkadedj@ucla.edu,Female,255.254.77.236,rkinkadedj,205584,4,1/10/2023
489,Frederich,Leads,fleadsdk@wix.com,Male,41.185.156.111,fleadsdk,6768799,7,1/7/2023
490,Barby,Meletti,bmelettidl@imgur.com,Female,235.186.106.227,bmelettidl,964240,12,5/7/2022
491,Micheline,Raddan,,Female,16.103.128.22,,6450568,5,2/6/2022
492,Lyndsay,Cambden,lcambdendn@symantec.com,Female,249.77.143.209,lcambdendn,1629974,3,12/3/2022
493,Bernarr,Irwin,birwindo@parallels.com,Male,53.61.237.152,birwindo,5609008,7,3/30/2022
494,Skell,De La Haye,sdelahayedp@wufoo.com,Male,238.231.34.92,sdelahayedp,3096010,3,7/12/2022
495,Angeline,Appleford,aappleforddq@yahoo.co.jp,Female,76.177.3.158,aappleforddq,6449019,1,5/15/2022
496,Leif,Manicomb,lmanicombdr@archive.org,Male,206.240.156.170,lmanicombdr,1828634,8,9/20/2022
497,Paulita,Coxhell,,Female,210.241.93.7,pcoxhellds,7312654,10,10/16/2022
498,Marlon,McGahy,mmcgahydt@economist.com,Male,48.189.102.229,mmcgahydt,5766288,6,7/8/2022
499,Gertrude,Poser,,Female,126.242.104.222,,2972275,7,11/20/2022
500,Sherman,Emburey,sembureydv@ehow.com,Male,222.159.226.150,sembureydv,8094973,9,5/2/2022
501,Yasmin,Geillier,ygeillierdw@vkontakte.ru,Female,133.193.167.98,ygeillierdw,8400111,11,3/29/2022
502,Tomaso,Stock,tstockdx@google.cn,Male,220.144.64.206,tstockdx,9117352,12,8/6/2022
503,Maddy,Santus,msantusdy@utexas.edu,Genderqueer,112.129.103.4,msantusdy,5771735,7,6/20/2022
504,Dannie,Poyser,,Female,52.177.182.87,,7064598,5,1/14/2023
505,Perl,Penright,ppenrighte0@irs.gov,Female,241.128.165.251,ppenrighte0,3791846,5,8/5/2022
506,Luce,Malley,lmalleye1@ibm.com,Female,140.25.30.225,lmalleye1,2878912,2,12/14/2022
507,Teodoro,Burtwell,tburtwelle2@jigsy.com,Male,215.251.166.83,tburtwelle2,8871760,9,2/22/2022
508,Violet,Hallward,vhallwarde3@tmall.com,Female,174.127.227.179,vhallwarde3,4774224,7,6/25/2022
509,Allyn,Hilary,ahilarye4@uiuc.edu,Male,232.181.183.187,ahilarye4,9494784,5,7/17/2022
510,Kiel,Ferminger,kfermingere5@oaic.gov.au,Male,241.90.244.192,kfermingere5,9406943,4,6/17/2022
511,Avictor,Lorrie,alorriee6@github.com,,213.53.144.162,alorriee6,8783604,8,6/3/2022
512,Bessie,Crudgington,bcrudgingtone7@devhub.com,Female,167.137.235.196,bcrudgingtone7,519547,6,11/23/2022
513,Jeffry,Vanyashin,jvanyashine8@livejournal.com,Male,57.171.89.236,jvanyashine8,2948054,5,4/16/2022
514,Claudette,Bollans,cbollanse9@google.com.hk,Female,63.166.3.51,cbollanse9,9092656,2,10/25/2022
515,Beverley,Fison,bfisonea@nba.com,Female,74.233.99.138,bfisonea,1330127,4,1/31/2022
516,Lonnard,Buckhurst,,Male,126.76.149.1,,1278347,9,7/1/2022
517,Lida,Trever,ltreverec@scientificamerican.com,Female,151.43.186.209,ltreverec,9528283,11,5/19/2022
518,Vi,Portch,vportched@whitehouse.gov,Female,160.2.179.221,vportched,8830472,9,11/8/2022
519,Claudette,Elies,celiesee@ask.com,Female,95.218.26.111,celiesee,9965641,9,4/3/2022
520,Cacilia,Poyle,cpoyleef@illinois.edu,Female,70.151.216.238,cpoyleef,4925769,5,7/10/2022
521,Alena,Gerrelts,,Female,98.198.139.229,agerreltseg,6531076,12,3/9/2022
522,Aggi,Bagnal,abagnaleh@paypal.com,Female,32.5.57.91,abagnaleh,5481095,2,4/9/2022
523,Larine,Matchitt,lmatchittei@netlog.com,,179.93.250.173,lmatchittei,4138770,2,3/13/2022
524,Blanca,Champe,bchampeej@hibu.com,Female,77.120.99.194,bchampeej,6749027,1,5/8/2022
525,Ilsa,Zotto,izottoek@google.es,Female,196.58.247.179,izottoek,511532,5,3/29/2022
526,Giustino,Ridewood,gridewoodel@xrea.com,Male,144.29.255.136,gridewoodel,7824480,9,5/24/2022
527,Bartolomeo,Dalliston,bdallistonem@topsy.com,Male,225.14.246.211,bdallistonem,8972545,2,1/11/2023
528,Law,Izatt,lizatten@storify.com,Male,147.164.2.249,,7024687,2,2/4/2022
529,Efrem,Drinkale,edrinkaleeo@skype.com,Male,14.53.33.90,edrinkaleeo,2912095,11,6/4/2022
530,Berty,Newlove,bnewloveep@cbslocal.com,Male,22.20.83.200,bnewloveep,2462864,9,6/5/2022
531,Lindsay,Pettyfar,,Male,93.88.60.13,lpettyfareq,8128410,7,8/16/2022
532,Ches,Clohessy,cclohessyer@studiopress.com,Male,11.95.215.192,cclohessyer,684791,12,7/11/2022
533,Eldin,Olexa,eolexaes@illinois.edu,Male,53.81.141.220,eolexaes,639816,7,8/5/2022
534,Ida,Ceschini,iceschiniet@acquirethisname.com,Female,51.157.111.201,iceschiniet,3433860,9,2/2/2022
535,Audrey,Birdall,abirdalleu@elegantthemes.com,Female,212.151.179.18,abirdalleu,9153510,12,12/6/2022
536,Harlan,Fourcade,hfourcadeev@google.it,Male,190.33.241.160,,1821895,10,12/12/2022
537,Elisabet,Bubeer,ebubeerew@google.com.br,Female,226.19.187.120,ebubeerew,5170589,12,11/3/2022
538,Marlin,Kempston,mkempstonex@bbc.co.uk,Male,91.115.128.61,mkempstonex,4690457,5,10/24/2022
539,Gasper,Olerenshaw,golerenshawey@behance.net,Male,62.230.133.116,golerenshawey,3426981,2,3/6/2022
540,Neel,Cowdroy,ncowdroyez@discovery.com,Male,221.138.131.94,ncowdroyez,333869,5,11/16/2022
541,Boone,Noddings,bnoddingsf0@bing.com,Male,108.207.135.228,bnoddingsf0,9733978,8,12/30/2022
542,Cathrine,Sharratt,csharrattf1@usda.gov,Female,176.97.108.13,csharrattf1,7968752,1,9/1/2022
543,Rowe,Rookwell,rrookwellf2@hp.com,Female,249.234.179.85,rrookwellf2,5267799,2,12/5/2022
544,Alessandro,Hartas,ahartasf3@example.com,,131.141.98.101,ahartasf3,7493793,4,2/3/2022
545,Madelle,De Vaar,mdevaarf4@zimbio.com,Female,175.146.246.112,mdevaarf4,4254882,1,11/5/2022
546,Inglebert,Cherry,icherryf5@artisteer.com,Male,28.242.0.215,icherryf5,6526824,5,3/11/2022
547,Kerstin,Clausewitz,kclausewitzf6@marriott.com,Female,162.31.211.143,kclausewitzf6,1070995,12,1/27/2023
548,Estell,Demicoli,edemicolif7@myspace.com,Female,193.7.68.239,edemicolif7,7788313,6,6/20/2022
549,Emilio,Goulborne,egoulbornef8@gravatar.com,Non-binary,5.6.81.195,egoulbornef8,2968597,10,12/20/2022
550,Athene,Abisetti,,Female,197.158.148.28,aabisettif9,632937,12,6/3/2022
551,Alexandros,Dempster,adempsterfa@hp.com,Male,145.244.172.251,adempsterfa,3674818,4,6/7/2022
552,Camilla,Cuttin,,Female,234.245.150.211,ccuttinfb,9848848,8,8/30/2022
553,Nerissa,Burghill,nburghillfc@edublogs.org,Female,183.38.126.52,,9396178,5,11/11/2022
554,Tiff,Abade,tabadefd@answers.com,Female,131.59.3.159,,7957664,6,1/18/2023
555,Nessa,Kendrew,nkendrewfe@163.com,Female,96.55.21.6,nkendrewfe,5875391,5,3/14/2022
556,Engelbert,Wodham,,Male,251.254.116.26,ewodhamff,7786660,5,10/23/2022
557,Vera,Corkitt,vcorkittfg@businessweek.com,Female,179.96.65.135,vcorkittfg,8582871,12,3/8/2022
558,Eugene,Febry,,Male,73.20.183.24,efebryfh,6176367,9,3/8/2022
559,Clayborne,Amys,camysfi@smugmug.com,Male,144.63.99.24,camysfi,2728590,12,10/22/2022
560,Martie,Castaignet,mcastaignetfj@usatoday.com,Male,69.14.85.30,mcastaignetfj,7384292,7,9/11/2022
561,Marta,Gwinnell,mgwinnellfk@jugem.jp,Female,5.219.113.127,mgwinnellfk,9325278,7,9/23/2022
562,Lucinda,Pountain,lpountainfl@facebook.com,,161.182.196.120,lpountainfl,3950396,7,2/27/2022
563,Vlad,Rawlingson,vrawlingsonfm@loc.gov,Male,61.45.123.152,vrawlingsonfm,5010727,3,9/6/2022
564,Thibaut,Masterman,tmastermanfn@msn.com,Male,25.1.235.179,tmastermanfn,4322539,7,9/12/2022
565,Benjamen,Hamly,bhamlyfo@tumblr.com,Male,179.235.21.17,bhamlyfo,3268532,3,10/24/2022
566,Jephthah,Ferre,jferrefp@vk.com,Male,68.201.97.215,jferrefp,2876693,3,10/28/2022
567,Mickie,Hayes,mhayesfq@google.de,Male,1.173.85.222,mhayesfq,9901272,9,3/22/2022
568,Tiffy,Gierok,,Female,70.172.165.37,tgierokfr,4808538,12,9/1/2022
569,Markus,Chatres,mchatresfs@macromedia.com,Male,229.217.65.95,mchatresfs,1685784,10,8/8/2022
570,Cristy,McLarnon,,Genderfluid,104.172.94.213,cmclarnonft,1549607,8,3/24/2022
571,Raeann,Hargroves,rhargrovesfu@chicagotribune.com,Female,193.152.70.6,rhargrovesfu,2364082,10,10/11/2022
572,Cchaddie,Windridge,cwindridgefv@google.de,,250.164.202.230,cwindridgefv,7264123,9,9/13/2022
573,Cordie,Diglin,cdiglinfw@alexa.com,Female,55.205.119.220,cdiglinfw,7564144,8,5/15/2022
574,Sigvard,Fidele,sfidelefx@chronoengine.com,Male,41.166.122.29,sfidelefx,7906877,2,2/13/2022
575,Morly,Memmory,mmemmoryfy@prweb.com,Male,171.150.29.232,mmemmoryfy,5888998,9,3/14/2022
576,Angelika,Treacher,atreacherfz@amazon.com,,3.126.27.70,atreacherfz,1697002,6,5/6/2022
577,Roland,Renfield,rrenfieldg0@nymag.com,Male,115.134.96.168,rrenfieldg0,3171739,11,5/24/2022
578,Sven,Tranckle,stranckleg1@youtu.be,Male,75.139.162.32,,1538066,4,10/3/2022
579,Grant,Brucker,gbruckerg2@opensource.org,Male,62.12.147.117,gbruckerg2,7117072,8,1/4/2023
580,Joelie,Exposito,jexpositog3@nydailynews.com,Female,63.36.64.56,jexpositog3,8820763,2,8/16/2022
581,Dynah,Dewbury,ddewburyg4@lycos.com,Female,139.164.245.66,ddewburyg4,268057,12,7/24/2022
582,Christa,Londer,clonderg5@usa.gov,Female,153.182.134.221,clonderg5,7991547,9,9/13/2022
583,Elsbeth,Hitschke,ehitschkeg6@bizjournals.com,Female,109.155.216.88,ehitschkeg6,7662271,12,2/17/2022
584,Cinderella,Kroch,ckrochg7@abc.net.au,Female,139.121.144.66,ckrochg7,8699555,1,10/10/2022
585,Richard,Stelfox,rstelfoxg8@imgur.com,Male,214.69.232.123,rstelfoxg8,7799831,1,4/3/2022
586,Celle,Palley,cpalleyg9@icq.com,Female,15.191.8.159,,2918550,3,6/2/2022
587,Jorge,Birchwood,jbirchwoodga@trellian.com,Male,133.172.55.241,,9224410,9,6/22/2022
588,Maryjo,Shwalbe,mshwalbegb@dion.ne.jp,Female,40.36.103.120,mshwalbegb,4979957,8,4/4/2022
589,Lucinda,Tureville,lturevillegc@alexa.com,Female,175.193.203.203,lturevillegc,6803946,12,5/1/2022
590,Thom,Anear,,Male,233.40.67.57,taneargd,7912450,10,5/31/2022
591,Isacco,Gurr,igurrge@wix.com,Male,48.250.47.150,igurrge,1252431,12,11/20/2022
592,Corinna,Richemond,crichemondgf@delicious.com,Female,26.120.42.216,crichemondgf,9004869,10,12/14/2022
593,Hamil,Turney,hturneygg@loc.gov,Male,14.38.155.234,hturneygg,4328600,12,12/4/2022
594,Jerrilee,Aslott,jaslottgh@livejournal.com,Female,227.83.9.59,jaslottgh,4210059,4,6/16/2022
595,Edsel,Benoy,ebenoygi@merriam-webster.com,Male,197.236.133.197,ebenoygi,4683985,7,8/13/2022
596,Lenee,Foulger,lfoulgergj@csmonitor.com,Female,32.67.249.50,lfoulgergj,1646036,5,11/22/2022
597,Shelly,Leppo,sleppogk@diigo.com,Female,251.18.104.162,sleppogk,6203817,11,2/11/2022
598,Letty,Ratray,lratraygl@adobe.com,,122.179.52.86,lratraygl,6694638,12,7/14/2022
599,Mallissa,Lindberg,mlindberggm@discovery.com,Female,226.122.148.69,mlindberggm,3769051,12,7/15/2022
600,Willy,Ephson,wephsongn@purevolume.com,Female,148.233.89.10,wephsongn,6987404,12,8/2/2022
601,Slade,Izatson,sizatsongo@reuters.com,Male,171.225.113.147,sizatsongo,9651205,6,6/11/2022
602,Hedy,Dickman,hdickmangp@dmoz.org,,220.34.101.145,hdickmangp,3337024,10,5/11/2022
603,Janette,Buntin,jbuntingq@istockphoto.com,Female,174.234.48.245,jbuntingq,2643218,3,9/23/2022
604,Margaretta,Cawdery,mcawderygr@so-net.ne.jp,Bigender,108.195.82.233,,1442506,8,11/23/2022
605,Christopher,Shuter,cshutergs@smugmug.com,Male,85.41.250.227,,7174647,3,12/18/2022
606,Catlin,Claibourn,cclaibourngt@geocities.com,Female,149.252.61.88,cclaibourngt,2618653,5,11/27/2022
607,Nealson,Everit,neveritgu@virginia.edu,Male,175.34.208.232,neveritgu,5208694,4,11/26/2022
608,Dominga,Leipold,dleipoldgv@intel.com,Female,99.22.22.144,dleipoldgv,3129654,9,7/14/2022
609,Reggy,Olenchenko,rolenchenkogw@wufoo.com,Genderqueer,238.96.125.211,rolenchenkogw,8833631,11,4/30/2022
610,Harry,Ferrillo,hferrillogx@wired.com,Male,113.71.165.241,hferrillogx,3889066,1,3/10/2022
611,Amerigo,Eagger,aeaggergy@wikipedia.org,,112.142.26.119,aeaggergy,1687385,7,10/6/2022
612,Marylinda,Bare,mbaregz@census.gov,Female,60.129.245.48,mbaregz,8250939,12,11/2/2022
613,Oswald,Vannuchi,ovannuchih0@cmu.edu,Male,1.222.117.195,ovannuchih0,6468991,11,3/15/2022
614,Adolf,Bris,abrish1@reverbnation.com,Male,206.98.118.192,abrish1,7361874,9,6/24/2022
615,Fanny,Yousef,fyousefh2@mlb.com,Female,43.192.17.127,fyousefh2,1660580,3,8/22/2022
616,Garner,Dunley,,Male,46.28.100.28,gdunleyh3,8598673,8,1/31/2022
617,Cory,Vicker,cvickerh4@oakley.com,Female,137.217.111.139,cvickerh4,7889555,9,7/24/2022
618,Kass,Phillps,kphillpsh5@tripadvisor.com,,12.234.19.70,kphillpsh5,5165681,6,12/1/2022
619,Cathi,Peverell,cpeverellh6@deviantart.com,Female,254.36.168.99,cpeverellh6,7361716,12,4/16/2022
620,Heinrick,Backsal,hbacksalh7@github.com,Male,234.20.0.2,hbacksalh7,7117823,12,5/20/2022
621,Tanny,Warret,twarreth8@shinystat.com,Male,74.116.230.126,twarreth8,1811519,5,5/24/2022
622,Kingston,Chessell,kchessellh9@shop-pro.jp,Male,131.207.230.197,kchessellh9,9824426,3,4/10/2022
623,Madalyn,O'Dowgaine,modowgaineha@bbb.org,Female,162.20.148.152,modowgaineha,8540475,10,8/14/2022
624,Goober,Cheng,gchenghb@deliciousdays.com,Male,240.115.118.255,gchenghb,7688800,10,8/8/2022
625,Gardner,Barszczewski,gbarszczewskihc@admin.ch,Male,144.1.62.148,gbarszczewskihc,1930526,4,5/9/2022
626,Nanette,Maillard,nmaillardhd@cafepress.com,,19.126.122.247,nmaillardhd,3504636,12,9/29/2022
627,Sigvard,Theis,,,103.250.151.10,stheishe,8620074,3,11/2/2022
628,Lindy,Yitshak,lyitshakhf@hostgator.com,Male,112.40.1.160,lyitshakhf,6874726,12,10/18/2022
629,Elton,Leadston,eleadstonhg@harvard.edu,,235.179.39.20,eleadstonhg,9136615,7,8/2/2022
630,Dennet,Cuddihy,dcuddihyhh@weather.com,Agender,119.51.171.253,dcuddihyhh,1142698,8,2/27/2022
631,Tawnya,Mace,tmacehi@google.com.au,Female,170.34.111.184,tmacehi,3676986,6,7/23/2022
632,Rosemaria,Pinnere,rpinnerehj@un.org,Female,103.106.153.16,rpinnerehj,8032009,6,6/14/2022
633,Jedd,Ashbridge,jashbridgehk@drupal.org,Non-binary,126.51.156.143,jashbridgehk,1872744,10,12/14/2022
634,Ashton,Marran,,Male,40.109.72.144,amarranhl,5910315,12,7/26/2022
635,Owen,Braune,obraunehm@exblog.jp,Genderqueer,105.83.198.154,,2770344,10,4/27/2022
636,Anatollo,Beckles,,Male,252.206.220.58,abeckleshn,2815661,11,8/4/2022
637,Mina,Canceller,mcancellerho@hp.com,Female,2.175.52.183,,5906631,6,12/24/2022
638,Freeman,Snowdon,fsnowdonhp@yolasite.com,Male,110.225.228.43,fsnowdonhp,9888151,6,4/29/2022
639,Brion,Filipychev,bfilipychevhq@cornell.edu,Male,172.42.131.193,bfilipychevhq,3698442,5,11/10/2022
640,Mallissa,Sturr,msturrhr@addthis.com,Female,92.17.203.153,msturrhr,8611011,5,6/24/2022
641,Tammie,Becerra,tbecerrahs@nsw.gov.au,Agender,149.119.60.182,tbecerrahs,2199179,5,6/22/2022
642,Stephen,Tertre,stertreht@dion.ne.jp,Bigender,122.183.234.188,stertreht,4659761,8,11/27/2022
643,Red,Stannislawski,rstannislawskihu@weibo.com,Male,78.120.93.178,rstannislawskihu,6254063,5,12/29/2022
644,Morris,Longden,mlongdenhv@wunderground.com,Male,78.143.190.171,mlongdenhv,6202212,4,8/22/2022
645,Leonardo,MacColl,lmaccollhw@comsenz.com,Male,146.83.19.164,,2008946,4,5/29/2022
646,Montague,Salzburger,msalzburgerhx@amazon.co.uk,Male,111.184.55.39,msalzburgerhx,2444667,5,8/2/2022
647,Harris,McClunaghan,hmcclunaghanhy@sitemeter.com,Male,98.245.102.52,hmcclunaghanhy,4007276,10,8/31/2022
648,Carson,Orpwood,corpwoodhz@devhub.com,Male,91.93.113.32,corpwoodhz,6805775,8,2/13/2022
649,Alec,Pellant,apellanti0@tripadvisor.com,Male,188.54.211.191,apellanti0,7150911,10,1/29/2022
650,Bentlee,Abatelli,babatellii1@nydailynews.com,Male,244.180.26.36,babatellii1,1334789,1,1/8/2023
651,Camey,Crickmore,ccrickmorei2@wired.com,Male,167.174.240.157,ccrickmorei2,5847510,7,11/29/2022
652,Dieter,Kettles,dkettlesi3@umich.edu,Male,1.246.92.96,dkettlesi3,4219801,7,5/24/2022
653,Rickie,Chinn,rchinni4@t.co,Male,212.213.169.159,rchinni4,3814232,8,5/29/2022
654,Alisun,Clemas,aclemasi5@flickr.com,Female,166.82.32.247,,8934303,5,11/5/2022
655,Scarface,Cutmare,,Male,213.246.53.16,scutmarei6,974602,11,8/24/2022
656,Heida,Glen,hgleni7@google.com.hk,Female,7.223.161.236,,6455061,3,4/26/2022
657,Wyn,Beddow,,Male,211.49.104.62,,3960195,3,7/5/2022
658,Kristopher,Tomasutti,ktomasuttii9@mozilla.org,Male,243.76.196.81,ktomasuttii9,6347847,5,5/3/2022
659,Bethina,Maddinon,,Female,93.251.162.235,bmaddinonia,9002374,11,3/11/2022
660,Vivyan,Lowndes,vlowndesib@naver.com,Female,112.117.239.65,vlowndesib,6728898,5,3/10/2022
661,Chadd,Annett,cannettic@sciencedaily.com,Male,58.117.99.52,cannettic,4203688,10,11/18/2022
662,Missy,Toothill,,Female,48.7.87.210,mtoothillid,7819994,5,3/1/2022
663,Florella,Herculson,fherculsonie@themeforest.net,Female,215.37.205.27,fherculsonie,6302450,12,9/17/2022
664,Robb,Caffin,rcaffinif@chron.com,,69.20.111.163,rcaffinif,193546,3,11/22/2022
665,Danica,Musso,dmussoig@usatoday.com,Female,29.56.55.196,dmussoig,5764110,3,2/19/2022
666,Lorrayne,Dunkerley,ldunkerleyih@ucla.edu,Female,226.177.12.212,ldunkerleyih,9109817,4,4/29/2022
667,Stefano,Junkinson,sjunkinsonii@photobucket.com,Male,208.163.128.46,sjunkinsonii,8632480,3,5/22/2022
668,Adore,Gossage,agossageij@hc360.com,Bigender,173.221.188.150,agossageij,2931004,5,2/15/2022
669,Haydon,Kondratenya,hkondratenyaik@google.co.uk,Male,166.5.201.193,hkondratenyaik,8872215,7,4/30/2022
670,Kerry,Groombridge,kgroombridgeil@networkadvertising.org,Male,114.61.51.22,kgroombridgeil,5128599,6,2/1/2022
671,Eugenio,McGreary,emcgrearyim@tripod.com,Male,68.221.47.178,emcgrearyim,9084318,12,7/7/2022
672,Kerby,Blazdell,kblazdellin@flickr.com,Male,197.23.204.11,kblazdellin,6206732,1,9/7/2022
673,Cordell,Taft,ctaftio@networksolutions.com,Male,29.187.173.182,ctaftio,1159298,2,12/23/2022
674,Win,Kebbell,wkebbellip@home.pl,Male,234.243.108.27,wkebbellip,672820,2,7/17/2022
675,Rabi,Fone,rfoneiq@vkontakte.ru,Male,46.5.114.236,rfoneiq,7272601,12,10/2/2022
676,Felizio,Dangerfield,fdangerfieldir@japanpost.jp,Male,34.78.148.200,fdangerfieldir,6868058,9,1/15/2023
677,Berky,Scarr,bscarris@chron.com,Male,220.143.51.34,bscarris,4176488,8,4/27/2022
678,Del,Saltern,dsalternit@i2i.jp,Bigender,35.84.97.80,dsalternit,2851019,9,6/4/2022
679,Christabella,Stower,cstoweriu@usa.gov,,34.186.135.123,cstoweriu,4554639,4,1/20/2023
680,Sollie,Matthews,smatthewsiv@uol.com.br,Male,230.57.121.159,smatthewsiv,1424730,4,1/4/2023
681,Raeann,Gronav,rgronaviw@soundcloud.com,Female,149.49.144.48,rgronaviw,3779897,12,8/6/2022
682,Georgeanna,Arni,garniix@berkeley.edu,Female,174.123.35.29,garniix,911802,9,2/16/2022
683,Bevin,Kitney,bkitneyiy@theatlantic.com,Male,165.78.165.218,bkitneyiy,3931680,4,7/22/2022
684,Ulric,Fydo,ufydoiz@huffingtonpost.com,Male,34.189.39.174,ufydoiz,451052,11,9/13/2022
685,Archambault,Holmyard,aholmyardj0@unicef.org,Male,28.202.175.67,aholmyardj0,5613265,3,3/25/2022
686,Claresta,Davall,cdavallj1@pagesperso-orange.fr,Female,44.202.159.161,cdavallj1,4759975,7,8/14/2022
687,Joycelin,Guislin,jguislinj2@youtube.com,,127.186.67.166,jguislinj2,8662848,7,2/26/2022
688,Mufinella,Andrieux,mandrieuxj3@cmu.edu,Female,114.202.234.102,mandrieuxj3,9447909,12,11/2/2022
689,Margeaux,Mulvihill,mmulvihillj4@google.co.jp,,210.140.34.77,mmulvihillj4,6931321,2,4/15/2022
690,Dewie,Physic,dphysicj5@cnet.com,Male,211.29.60.238,dphysicj5,5166692,6,10/20/2022
691,Nate,Wilsee,nwilseej6@netscape.com,Male,73.49.78.129,nwilseej6,2490953,4,9/11/2022
692,Kendal,Lampett,klampettj7@github.com,Male,0.157.185.117,,4916211,2,11/26/2022
693,Ddene,Spawell,dspawellj8@yolasite.com,Female,78.4.133.135,dspawellj8,5829677,9,6/27/2022
694,Issie,Francello,ifrancelloj9@github.com,Female,118.178.16.234,,3197724,9,10/3/2022
695,Zacherie,Calton,zcaltonja@scientificamerican.com,Male,148.190.157.110,,4535819,2,6/5/2022
696,Cazzie,Foye,,,48.150.159.104,cfoyejb,106258,8,1/8/2023
697,Bruno,O' Connell,boconnelljc@gnu.org,Male,137.202.183.134,boconnelljc,7004772,1,11/21/2022
698,Avivah,Aphale,aaphalejd@sogou.com,Female,67.5.3.161,,7361311,11,3/31/2022
699,Cariotta,Eastmead,ceastmeadje@sfgate.com,Female,155.124.104.153,ceastmeadje,3462166,7,9/4/2022
700,Reagan,Gillion,rgillionjf@hud.gov,Bigender,60.181.239.189,rgillionjf,2233534,7,4/23/2022
701,Rosalinde,Lemery,rlemeryjg@imgur.com,Female,245.111.205.49,rlemeryjg,1535450,3,5/16/2022
702,Paula,Drohane,pdrohanejh@ucla.edu,Female,150.90.31.221,pdrohanejh,6450640,4,2/8/2022
703,Waldon,Sansun,wsansunji@examiner.com,Male,226.208.58.0,,3926755,12,8/2/2022
704,Dorelia,Argyle,dargylejj@engadget.com,Female,232.229.9.128,,2793912,6,12/28/2022
705,Elmo,Elener,eelenerjk@indiegogo.com,Male,90.29.76.151,eelenerjk,1253673,1,5/12/2022
706,Anneliese,Kerwick,akerwickjl@bloglovin.com,Female,16.202.4.94,akerwickjl,2507026,8,10/24/2022
707,Guthrie,Jeffries,gjeffriesjm@seesaa.net,Genderqueer,122.104.227.201,gjeffriesjm,3157369,12,5/10/2022
708,Barde,Woodfield,bwoodfieldjn@amazon.co.uk,Male,101.110.55.5,bwoodfieldjn,9567892,4,12/31/2022
709,Rebe,Santoro,rsantorojo@zimbio.com,Female,209.163.37.58,rsantorojo,288649,1,3/15/2022
710,Cornie,Scoular,,Male,190.217.74.74,cscoularjp,9376793,11,10/11/2022
711,Davida,Tunnicliffe,dtunnicliffejq@over-blog.com,Female,29.67.14.109,dtunnicliffejq,8280362,10,8/7/2022
712,Clarance,Cash,ccashjr@amazon.com,Male,152.213.144.216,ccashjr,5380390,12,2/6/2022
713,Corabel,Deeley,cdeeleyjs@aboutads.info,Non-binary,178.141.204.69,cdeeleyjs,5430092,7,12/8/2022
714,Odille,Lukianov,olukianovjt@opensource.org,Female,178.236.58.53,olukianovjt,2104804,6,8/31/2022
715,Zack,Lemmon,zlemmonju@cloudflare.com,Male,231.92.17.154,zlemmonju,9319914,11,7/19/2022
716,Stanley,Smittoune,ssmittounejv@jiathis.com,Male,150.115.61.2,ssmittounejv,573768,11,1/4/2023
717,Inigo,Gudgeon,igudgeonjw@plala.or.jp,Male,188.157.150.190,igudgeonjw,1880095,5,5/20/2022
718,Ernesto,Narbett,enarbettjx@blogs.com,Male,88.197.34.165,enarbettjx,9317847,7,1/14/2023
719,Raynor,McAllen,rmcallenjy@trellian.com,Male,212.147.217.4,rmcallenjy,4668864,8,9/2/2022
720,Sadie,Diviney,sdivineyjz@google.com.au,Female,55.239.228.8,sdivineyjz,5568858,6,3/16/2022
721,Rosalynd,Rebert,rrebertk0@google.co.uk,Female,93.127.95.111,,5489440,2,3/5/2022
722,Neil,Garfield,ngarfieldk1@theguardian.com,Agender,79.134.27.38,ngarfieldk1,8761804,1,10/29/2022
723,Federico,Haselden,fhaseldenk2@tripod.com,Polygender,180.31.121.158,fhaseldenk2,1323590,7,5/5/2022
724,Gussy,Jahan,gjahank3@chron.com,Female,154.118.40.239,gjahank3,6517750,10,12/16/2022
725,Linus,Gilfoy,lgilfoyk4@sciencedirect.com,Male,95.161.28.12,lgilfoyk4,6741832,2,11/21/2022
726,Brendan,Sands,bsandsk5@addtoany.com,Male,230.38.71.160,bsandsk5,2026283,6,1/30/2022
727,Case,Pladen,cpladenk6@jalbum.net,Male,212.222.126.249,cpladenk6,6063764,5,2/7/2022
728,Oran,Dupree,odupreek7@stanford.edu,Male,104.148.73.8,odupreek7,7270030,2,8/9/2022
729,Gradey,Muggeridge,gmuggeridgek8@webeden.co.uk,Male,98.138.21.216,gmuggeridgek8,3411885,9,10/19/2022
730,Tallou,Quilkin,,Female,92.27.8.11,tquilkink9,8600391,6,5/6/2022
731,Errol,Cuff,ecuffka@seesaa.net,,80.30.207.96,ecuffka,4810719,10,12/31/2022
732,Aguistin,Linzey,alinzeykb@msu.edu,Male,212.31.23.213,,3224062,11,2/17/2022
733,Aharon,Flancinbaum,aflancinbaumkc@yelp.com,Male,193.223.174.95,aflancinbaumkc,4795799,10,7/24/2022
734,Guss,Salliere,gsallierekd@constantcontact.com,,108.93.165.6,gsallierekd,6163548,2,10/27/2022
735,Eilis,Banner,ebannerke@google.fr,Female,195.224.127.46,ebannerke,6929644,9,8/10/2022
736,Mitzi,Sowte,msowtekf@adobe.com,Female,126.90.181.33,msowtekf,5120765,3,8/30/2022
737,Raul,Dunston,rdunstonkg@pbs.org,Male,212.206.33.176,rdunstonkg,5275485,6,3/23/2022
738,Nadeen,Evers,neverskh@goo.gl,Female,130.39.188.29,neverskh,1992446,4,11/23/2022
739,Aland,Standbrook,astandbrookki@redcross.org,Agender,139.183.64.246,astandbrookki,2981551,4,7/27/2022
740,Debora,Joye,djoyekj@wiley.com,Female,243.11.131.160,djoyekj,5861043,7,12/8/2022
741,Tiphani,Jeannot,tjeannotkk@adobe.com,Female,146.116.19.141,tjeannotkk,8395066,10,2/8/2022
742,Darice,Hullah,dhullahkl@theatlantic.com,Female,24.157.192.248,dhullahkl,2156716,7,7/25/2022
743,Pepillo,Bellefonte,pbellefontekm@so-net.ne.jp,Male,35.98.39.35,,7508267,9,7/12/2022
744,Marjorie,Blissitt,mblissittkn@google.es,Female,165.118.215.129,mblissittkn,4891386,11,6/24/2022
745,Philipa,Semens,psemensko@geocities.jp,Female,47.152.67.57,psemensko,3477203,7,12/18/2022
746,Rosalia,Dore,rdorekp@deliciousdays.com,Female,227.255.196.130,rdorekp,6259799,4,8/4/2022
747,Davidde,Iredale,diredalekq@taobao.com,Male,57.240.215.187,diredalekq,4339619,9,6/10/2022
748,Jen,Cottel,jcottelkr@blogs.com,Female,202.62.237.157,jcottelkr,2926209,2,6/26/2022
749,Murdoch,Plaster,mplasterks@umn.edu,Male,188.240.37.88,mplasterks,9785348,9,1/2/2023
750,Fanny,Tow,ftowkt@imdb.com,Female,239.55.225.14,ftowkt,7175012,12,7/28/2022
751,Cristiano,Capewell,ccapewellku@tinyurl.com,Male,96.165.237.46,ccapewellku,9405059,10,12/24/2022
752,Clair,Troucher,ctroucherkv@guardian.co.uk,Male,115.111.49.194,ctroucherkv,2834412,11,11/3/2022
753,Marchall,Gorelli,mgorellikw@dmoz.org,Male,117.63.175.109,mgorellikw,1831967,7,9/30/2022
754,Aymer,Rockwill,arockwillkx@tiny.cc,Male,64.64.220.1,arockwillkx,5461800,5,9/14/2022
755,Darrin,Branton,,Male,115.126.211.45,dbrantonky,8025913,3,12/1/2022
756,Hershel,Arnhold,harnholdkz@github.com,Male,160.221.255.148,,5975280,8,9/20/2022
757,Aggy,Ivanchin,aivanchinl0@oracle.com,Female,215.101.36.71,aivanchinl0,8136275,5,7/8/2022
758,Aloise,Duferie,aduferiel1@hexun.com,Female,215.236.239.39,aduferiel1,8010122,4,8/3/2022
759,Zach,Westover,zwestoverl2@dagondesign.com,Male,236.205.249.183,zwestoverl2,3066147,4,9/6/2022
760,Giovanna,Wonfor,,Female,50.127.188.33,gwonforl3,1286020,6,4/17/2022
761,Analise,Minghetti,aminghettil4@blinklist.com,Female,146.92.136.211,,2044655,7,11/15/2022
762,Had,Roughley,hroughleyl5@soundcloud.com,Male,166.122.166.209,hroughleyl5,2770047,2,5/31/2022
763,Ethelred,Mitchinson,emitchinsonl6@hatena.ne.jp,Male,82.227.216.146,emitchinsonl6,6228095,8,12/6/2022
764,Lyon,Mattheeuw,lmattheeuwl7@dmoz.org,Male,10.69.30.75,lmattheeuwl7,5007854,11,11/30/2022
765,Blane,Wabey,bwabeyl8@cdbaby.com,Male,63.242.33.198,bwabeyl8,2591176,2,6/29/2022
766,Menard,Clinch,mclinchl9@sakura.ne.jp,Male,123.45.66.206,mclinchl9,6905136,9,5/23/2022
767,Tory,Ansill,tansillla@state.gov,Female,124.213.195.38,tansillla,8558708,2,7/23/2022
768,Palm,Vedeniktov,pvedeniktovlb@networkadvertising.org,Male,214.17.132.213,pvedeniktovlb,5357341,5,8/12/2022
769,Davidde,Sprowle,dsprowlelc@etsy.com,Agender,151.77.149.252,dsprowlelc,3047943,8,12/3/2022
770,Roderich,Brasse,rbrasseld@unc.edu,Male,97.251.45.105,,7502035,7,11/1/2022
771,Charlotta,Andriulis,candriulisle@earthlink.net,Female,163.128.235.38,candriulisle,977934,8,12/28/2022
772,Tonia,Laight,tlaightlf@unicef.org,Agender,190.4.225.170,,5613345,3,11/5/2022
773,Corrine,Mathen,cmathenlg@netvibes.com,Female,176.242.153.78,cmathenlg,9448235,10,8/25/2022
774,Wallache,Hugland,whuglandlh@unicef.org,Male,182.226.133.106,whuglandlh,7432947,5,3/28/2022
775,Fionna,Alleyn,falleynli@whitehouse.gov,Female,64.122.233.13,falleynli,7486589,8,12/11/2022
776,Odille,Goodlad,ogoodladlj@trellian.com,Female,19.65.35.152,ogoodladlj,5825956,5,3/7/2022
777,Leesa,Lilbourne,llilbournelk@businessinsider.com,Female,3.107.201.82,llilbournelk,5893604,3,6/18/2022
778,Marysa,Uttridge,muttridgell@yelp.com,Female,129.24.67.188,muttridgell,6706425,6,12/7/2022
779,Flint,McGrann,,Male,114.179.209.93,fmcgrannlm,8872655,11,5/18/2022
780,Humfrey,Dods,hdodsln@amazon.co.jp,Non-binary,126.133.99.202,hdodsln,6661155,5,2/6/2022
781,Linnea,Proudler,lproudlerlo@i2i.jp,Female,213.178.105.209,lproudlerlo,3270059,1,1/2/2023
782,Candis,Powley,cpowleylp@booking.com,Female,14.146.249.16,cpowleylp,6535219,12,10/16/2022
783,Torrance,Cowley,tcowleylq@narod.ru,Male,114.81.19.103,tcowleylq,4640753,7,5/24/2022
784,Norbie,Aitken,naitkenlr@xinhuanet.com,Male,85.49.211.222,naitkenlr,7216785,3,8/18/2022
785,Helyn,Walisiak,,Female,225.85.154.73,hwalisiakls,4092824,12,7/8/2022
786,Tome,Jaggar,tjaggarlt@seattletimes.com,,207.89.65.205,tjaggarlt,581396,2,9/9/2022
787,Meryl,Rawsthorne,mrawsthornelu@desdev.cn,Male,180.25.65.86,mrawsthornelu,275028,6,1/2/2023
788,Nikola,Markwick,nmarkwicklv@artisteer.com,Male,45.72.71.221,nmarkwicklv,8688576,9,1/26/2023
789,Jack,Dawidowsky,,Male,124.206.43.84,jdawidowskylw,4970092,11,11/7/2022
790,Ermanno,Grafhom,egrafhomlx@blog.com,Male,158.95.241.57,egrafhomlx,9038720,4,2/12/2022
791,Marten,Goldsworthy,mgoldsworthyly@infoseek.co.jp,Male,143.137.152.49,mgoldsworthyly,1255141,7,4/20/2022
792,Antons,Cariss,acarisslz@ehow.com,Male,18.202.29.219,acarisslz,6813393,6,8/8/2022
793,Ewell,Swainson,eswainsonm0@ning.com,Male,81.97.96.212,,7974719,1,3/27/2022
794,Charley,Vedenyakin,cvedenyakinm1@ucoz.ru,,77.177.54.223,cvedenyakinm1,2092009,5,2/2/2022
795,Gabbi,O'Cannovane,gocannovanem2@ox.ac.uk,Female,50.56.243.82,gocannovanem2,8166096,5,6/12/2022
796,Marj,Kornacki,mkornackim3@youku.com,,206.111.180.66,mkornackim3,6167734,11,5/11/2022
797,Marcie,Kinman,mkinmanm4@cargocollective.com,Female,21.131.25.210,mkinmanm4,2252508,3,3/6/2022
798,Dewitt,Hammel,dhammelm5@omniture.com,Male,217.62.27.204,,9716280,4,12/20/2022
799,Ramonda,Siviter,rsiviterm6@macromedia.com,Female,25.229.60.96,,4821199,11,4/6/2022
800,Joe,Dulany,jdulanym7@goo.gl,Male,163.253.120.202,jdulanym7,4574039,2,6/1/2022
801,Raine,Chatteris,,,161.211.109.232,rchatterism8,2608613,3,10/18/2022
802,Brynne,Cooney,bcooneym9@imageshack.us,Female,234.24.80.134,bcooneym9,8323492,5,1/28/2023
803,Trista,Quarry,tquarryma@over-blog.com,Female,101.181.26.32,tquarryma,9230319,5,10/3/2022
804,Inger,Shafier,ishafiermb@ca.gov,Male,108.44.202.159,,330789,3,7/4/2022
805,Gene,Bromet,gbrometmc@ocn.ne.jp,Male,213.120.79.38,gbrometmc,2659735,9,5/22/2022
806,Geoffry,Dany,gdanymd@ehow.com,Male,99.205.50.7,gdanymd,3720922,5,12/3/2022
807,Corrie,Abby,,Male,133.21.207.46,cabbyme,9513379,1,11/30/2022
808,Douglass,Almon,dalmonmf@mediafire.com,Male,71.141.106.233,dalmonmf,9419163,7,8/30/2022
809,Kimberley,Tredger,ktredgermg@nature.com,Female,213.2.11.175,ktredgermg,4626340,10,12/5/2022
810,Genovera,Coldbathe,gcoldbathemh@cnet.com,Female,32.164.250.51,gcoldbathemh,5635034,6,3/15/2022
811,Brynn,Tampion,btampionmi@nymag.com,,15.237.58.20,,2989766,10,11/2/2022
812,Edythe,Pratchett,epratchettmj@home.pl,Female,200.227.197.166,epratchettmj,9629435,6,3/7/2022
813,Alvin,Quiddihy,aquiddihymk@about.com,Male,225.68.137.172,aquiddihymk,1792634,1,8/6/2022
814,Roxie,Durrans,rdurransml@cbsnews.com,Female,127.228.62.26,rdurransml,3935118,6,1/7/2023
815,Avictor,Nottingham,,Genderfluid,112.242.255.203,anottinghammm,4397260,9,5/5/2022
816,Obadiah,Bane,obanemn@simplemachines.org,Male,31.133.188.44,obanemn,2449312,12,3/1/2022
817,Jo,Griffitts,jgriffittsmo@microsoft.com,Female,163.216.124.74,jgriffittsmo,5097516,2,7/11/2022
818,Annaliese,Prynne,aprynnemp@bing.com,Female,15.73.93.47,aprynnemp,4223958,7,11/16/2022
819,Stormie,Lie,sliemq@ebay.co.uk,Female,93.1.48.179,sliemq,4298643,12,10/30/2022
820,Frants,Olohan,folohanmr@nbcnews.com,Non-binary,183.104.166.132,folohanmr,7197147,1,6/25/2022
821,Jeana,O'Moylane,jomoylanems@state.tx.us,Female,210.249.144.176,jomoylanems,3362478,5,1/11/2023
822,Jeniffer,Wield,jwieldmt@merriam-webster.com,Female,211.117.229.143,jwieldmt,1937245,5,4/27/2022
823,Albertine,Darby,adarbymu@ca.gov,Female,250.8.194.166,adarbymu,3206570,12,3/6/2022
824,Montague,Woodyeare,mwoodyearemv@oakley.com,Male,254.0.208.131,,349388,5,8/26/2022
825,Staci,Arlidge,sarlidgemw@dailymotion.com,Female,198.79.96.170,sarlidgemw,4593485,6,6/25/2022
826,Opaline,Sowray,osowraymx@ftc.gov,Female,234.169.128.75,,7493173,12,4/13/2022
827,Derrik,Hearnden,dhearndenmy@businesswire.com,Male,241.30.128.82,dhearndenmy,4790446,5,8/23/2022
828,Cyndia,MacGuffie,cmacguffiemz@shop-pro.jp,Female,20.135.180.52,cmacguffiemz,8771389,2,7/11/2022
829,Javier,Yurov,jyurovn0@howstuffworks.com,Male,5.115.197.134,jyurovn0,1617790,4,4/13/2022
830,Ki,Jahner,kjahnern1@ustream.tv,Female,10.200.11.55,,4952091,2,2/1/2022
831,Moyra,Benzi,mbenzin2@wikia.com,Genderfluid,140.156.157.77,mbenzin2,3314137,10,9/23/2022
832,Kim,Melloi,kmelloin3@weibo.com,Male,240.44.85.72,kmelloin3,3111830,8,2/28/2022
833,Camella,Mercik,cmercikn4@walmart.com,,210.199.250.65,cmercikn4,6650861,7,10/21/2022
834,Nial,Sedgwick,nsedgwickn5@nba.com,Male,138.73.159.252,nsedgwickn5,4459791,3,4/14/2022
835,Aggi,Martinet,amartinetn6@is.gd,Female,138.195.233.108,amartinetn6,7931059,6,8/24/2022
836,Rollin,Loidl,rloidln7@nasa.gov,Male,128.76.157.38,rloidln7,8418182,9,11/23/2022
837,Catlaina,Balchin,cbalchinn8@webnode.com,Female,237.179.156.221,cbalchinn8,2015452,12,9/22/2022
838,Gearalt,Tremblay,gtremblayn9@yellowpages.com,Male,149.226.252.141,gtremblayn9,5423441,6,1/19/2023
839,Cammy,Prall,cprallna@hibu.com,Agender,231.39.8.67,cprallna,7949656,6,6/23/2022
840,Dorri,Hutley,dhutleynb@wordpress.org,Female,79.125.26.20,dhutleynb,7947638,2,11/3/2022
841,Stevie,Checci,scheccinc@washington.edu,Male,206.158.33.82,scheccinc,9810265,4,1/3/2023
842,Isobel,Glenfield,iglenfieldnd@wsj.com,,92.156.144.132,iglenfieldnd,8239040,5,8/25/2022
843,Samuele,Marns,smarnsne@toplist.cz,Male,98.55.205.182,smarnsne,2706905,3,3/2/2022
844,Tiffanie,Dioniso,tdionisonf@psu.edu,Female,214.172.244.44,tdionisonf,9069802,2,6/10/2022
845,Winn,Baglan,wbaglanng@ycombinator.com,Male,128.251.112.42,wbaglanng,7863190,2,1/10/2023
846,Tamiko,Medland,tmedlandnh@ebay.com,Female,105.143.253.126,tmedlandnh,7129500,3,10/13/2022
847,Kennett,Crassweller,,Non-binary,0.105.68.188,kcrasswellerni,5270514,12,9/15/2022
848,Guillaume,Ballston,gballstonnj@ucoz.com,Male,186.138.252.26,gballstonnj,631884,9,11/5/2022
849,Emlynn,Le Floch,eleflochnk@bloomberg.com,Female,62.234.25.62,,353149,6,8/17/2022
850,Rowney,Balm,rbalmnl@jiathis.com,Male,146.246.206.78,rbalmnl,3084505,7,6/28/2022
851,Martyn,Scholes,mscholesnm@digg.com,Male,165.94.6.35,mscholesnm,6167804,10,10/6/2022
852,Pietra,Aumerle,paumerlenn@aboutads.info,Female,69.155.99.250,,6901238,4,3/17/2022
853,Patrice,Leech,pleechno@free.fr,Male,134.151.92.144,pleechno,8371653,2,9/9/2022
854,Merl,Natalie,mnatalienp@quantcast.com,Female,32.177.144.230,mnatalienp,424038,9,7/26/2022
855,Jere,Basterfield,,Female,45.32.79.99,jbasterfieldnq,1179185,11,3/4/2022
856,Chrissie,Dodson,cdodsonnr@discovery.com,Male,2.45.74.53,cdodsonnr,1364033,7,2/17/2022
857,Scarlet,Musico,smusicons@a8.net,Female,126.67.127.55,smusicons,5038271,10,8/15/2022
858,Stesha,Fernando,sfernandont@baidu.com,Female,152.212.43.245,sfernandont,3601895,9,4/2/2022
859,Onfre,Corcoran,,Male,180.188.92.34,ocorcorannu,2226978,6,5/3/2022
860,Boy,Aslam,baslamnv@telegraph.co.uk,Male,209.255.144.255,baslamnv,994226,1,1/27/2023
861,Ronald,Aronowicz,raronowicznw@fema.gov,,95.172.167.18,raronowicznw,7161373,2,12/24/2022
862,Binny,Assinder,bassindernx@mit.edu,Female,174.203.31.67,bassindernx,6207776,7,3/4/2022
863,Corina,Denington,,Female,129.244.114.192,cdeningtonny,4414446,9,11/16/2022
864,Lewie,Corten,lcortennz@wikipedia.org,Male,168.70.154.71,lcortennz,4653460,10,12/16/2022
865,Allie,Fishlock,afishlocko0@hatena.ne.jp,Male,159.222.143.48,afishlocko0,6675147,12,5/12/2022
866,Vina,Bole,vboleo1@ucoz.com,Female,35.161.19.78,vboleo1,7517543,6,6/7/2022
867,Jordana,Carrick,jcarricko2@oracle.com,Female,35.13.17.217,,7014735,3,11/13/2022
868,Chrissy,Goulstone,cgoulstoneo3@tmall.com,Male,209.230.195.126,,7579720,12,2/7/2022
869,Shannon,Hartly,,Female,69.30.116.160,shartlyo4,105657,9,12/21/2022
870,Robinetta,Bernier,rberniero5@google.it,Genderfluid,118.83.235.103,rberniero5,3256007,11,5/14/2022
871,Rosemonde,Markl,rmarklo6@nbcnews.com,Female,164.132.181.115,rmarklo6,3654701,7,9/3/2022
872,Craggy,Bestiman,cbestimano7@google.de,Male,170.95.6.135,cbestimano7,2840265,11,4/8/2022
873,Elvira,Alpine,ealpineo8@earthlink.net,Female,82.132.249.49,ealpineo8,9985375,6,11/1/2022
874,Staford,Solomonides,ssolomonideso9@xrea.com,Male,153.209.94.106,,8163285,3,7/17/2022
875,Benjie,O'Teague,boteagueoa@amazonaws.com,Male,86.250.97.67,boteagueoa,3534788,1,3/24/2022
876,Cletus,Grey,,Male,102.47.8.19,cgreyob,5003420,10,1/11/2023
877,Che,Shovelbottom,cshovelbottomoc@oracle.com,Male,235.183.117.121,cshovelbottomoc,7025164,1,11/27/2022
878,Siouxie,Couvert,scouvertod@state.gov,Female,191.90.239.129,,2230115,1,11/30/2022
879,Kerstin,Castri,kcastrioe@addtoany.com,Genderqueer,58.90.230.186,kcastrioe,7537007,12,12/3/2022
880,Melitta,Tarplee,mtarpleeof@baidu.com,Non-binary,50.214.135.33,mtarpleeof,5835646,2,10/6/2022
881,Colver,Allen,callenog@twitpic.com,Male,90.48.93.59,callenog,1270186,5,11/12/2022
882,Hanan,Simoncelli,hsimoncellioh@e-recht24.de,Male,77.214.66.19,hsimoncellioh,6672125,3,8/9/2022
883,Curr,Juan,cjuanoi@hhs.gov,Agender,154.130.21.235,cjuanoi,7130108,3,10/23/2022
884,Benjamen,Stanex,bstanexoj@samsung.com,Male,13.102.40.70,bstanexoj,6583607,6,12/19/2022
885,Madeleine,Seeney,mseeneyok@goo.gl,Female,2.200.108.220,mseeneyok,3672723,3,11/12/2022
886,Cindy,Lias,cliasol@mac.com,Female,163.62.207.8,,8789054,1,10/6/2022
887,Denver,Clayson,dclaysonom@gnu.org,Male,155.224.126.34,dclaysonom,2956874,5,3/18/2022
888,Trumaine,Goldspink,tgoldspinkon@ifeng.com,Agender,4.140.87.255,tgoldspinkon,8286689,9,7/31/2022
889,Dieter,Nucator,dnucatoroo@arstechnica.com,Male,92.94.215.104,dnucatoroo,2446104,11,3/10/2022
890,Fifi,Cornwall,fcornwallop@msn.com,Female,84.89.203.95,,7778212,5,4/22/2022
891,Mathilda,Brownsey,mbrownseyoq@com.com,Female,250.33.140.165,,5269902,8,3/9/2022
892,Raymund,Fenix,rfenixor@whitehouse.gov,Male,230.135.199.41,rfenixor,9500587,4,7/16/2022
893,Niki,Montilla,nmontillaos@gnu.org,Male,158.18.162.200,nmontillaos,1877483,4,12/11/2022
894,Etan,Starford,estarfordot@comsenz.com,Male,97.72.43.128,estarfordot,8947101,9,7/19/2022
895,Olympia,Hawkridge,,Female,2.25.103.72,ohawkridgeou,4019698,11,11/9/2022
896,Fin,Kerss,fkerssov@auda.org.au,Male,34.231.61.23,fkerssov,1412318,4,1/26/2023
897,Bruis,McGavin,bmcgavinow@mtv.com,Male,99.251.143.12,bmcgavinow,1894142,9,8/17/2022
898,Elise,Tacon,etaconox@webeden.co.uk,Female,173.156.128.95,etaconox,1162924,5,5/16/2022
899,Shoshana,Stamps,sstampsoy@cmu.edu,Female,82.56.145.9,sstampsoy,2013902,6,12/22/2022
900,Joline,Potticary,jpotticaryoz@studiopress.com,Female,140.94.41.72,jpotticaryoz,9044381,1,12/20/2022
901,Lillis,Pomery,lpomeryp0@businesswire.com,Female,44.232.99.137,lpomeryp0,771694,8,7/28/2022
902,Norean,Colleford,ncollefordp1@yolasite.com,Female,130.45.165.210,,7124336,10,7/25/2022
903,Ann,Gush,agushp2@ucoz.com,Polygender,186.220.155.211,agushp2,7199659,10,3/23/2022
904,Bonita,Gomez,bgomezp3@ow.ly,Female,185.166.19.194,bgomezp3,8253603,11,2/23/2022
905,Paco,Laidler,plaidlerp4@goo.ne.jp,Male,114.37.246.80,plaidlerp4,9230542,3,12/20/2022
906,Valeria,Batts,vbattsp5@list-manage.com,Genderqueer,53.66.163.109,vbattsp5,8401111,3,3/8/2022
907,Raymund,Normavill,rnormavillp6@state.tx.us,Male,179.148.6.137,rnormavillp6,3806811,9,7/15/2022
908,Ingamar,Flynn,,Male,95.198.174.89,iflynnp7,9387003,7,6/17/2022
909,Gayleen,Yakunikov,,,29.237.249.91,gyakunikovp8,7817104,2,9/27/2022
910,Cyrille,Mitie,cmitiep9@psu.edu,,84.51.235.154,cmitiep9,2185891,6,7/8/2022
911,Bailie,Waleworke,bwaleworkepa@apple.com,Male,182.126.49.20,bwaleworkepa,8515142,5,9/23/2022
912,Michael,Wife,mwifepb@samsung.com,Male,39.93.63.125,,2838477,10,4/12/2022
913,Arlinda,Presidey,,Female,93.142.52.154,apresideypc,6802558,11,7/20/2022
914,Mair,Dancer,mdancerpd@1und1.de,Female,235.88.252.149,,3051733,6,3/27/2022
915,Carlin,Rawood,crawoodpe@apple.com,Female,212.95.211.79,crawoodpe,9547280,5,5/18/2022
916,Shelba,Tewkesberry,stewkesberrypf@ftc.gov,Agender,122.180.119.21,stewkesberrypf,507955,7,7/24/2022
917,Tobe,Carlens,tcarlenspg@wisc.edu,Female,37.121.22.191,tcarlenspg,2933526,5,2/23/2022
918,Demeter,Pole,dpoleph@vkontakte.ru,Female,103.90.73.201,dpoleph,5470103,8,7/28/2022
919,Brok,Rocks,brockspi@rediff.com,Male,113.33.200.75,brockspi,4958851,5,11/22/2022
920,Eliot,Schlagtmans,eschlagtmanspj@skyrock.com,Male,185.53.0.128,eschlagtmanspj,3582876,1,9/11/2022
921,Judd,Perutto,jperuttopk@hatena.ne.jp,Male,184.102.54.27,jperuttopk,8724044,10,12/12/2022
922,Philippa,Toomer,ptoomerpl@hexun.com,Female,106.69.79.29,,216098,8,10/20/2022
923,Hammad,De Vere,hdeverepm@sfgate.com,Male,218.183.254.165,,3781937,1,10/29/2022
924,Darbee,Eilhertsen,deilhertsenpn@zdnet.com,Male,55.90.165.134,deilhertsenpn,4290115,7,8/17/2022
925,Ethelred,Oldroyd,eoldroydpo@posterous.com,Male,239.234.6.121,eoldroydpo,8899242,6,8/25/2022
926,Trix,Heinritz,theinritzpp@plala.or.jp,Bigender,43.115.224.49,theinritzpp,8054086,10,2/8/2022
927,Hirsch,Stryde,hstrydepq@yahoo.co.jp,Male,84.1.36.103,hstrydepq,2987789,6,5/27/2022
928,Norene,Halfhead,nhalfheadpr@xrea.com,Female,200.66.102.68,nhalfheadpr,8233474,10,11/29/2022
929,Mar,Vina,mvinaps@nyu.edu,Male,211.143.204.148,mvinaps,2917373,9,6/4/2022
930,Aluino,Dragoe,adragoept@barnesandnoble.com,Bigender,243.221.50.49,adragoept,7001813,7,3/8/2022
931,Noach,Kneller,nknellerpu@purevolume.com,Male,132.176.220.12,nknellerpu,5756119,4,8/31/2022
932,Marianna,Helstrom,mhelstrompv@domainmarket.com,,121.75.234.36,mhelstrompv,1821275,10,9/3/2022
933,Mallory,Samper,,Female,135.193.52.116,msamperpw,3256213,5,8/19/2022
934,Lucienne,Cresswell,lcresswellpx@jimdo.com,Female,169.74.188.221,lcresswellpx,5936645,3,4/12/2022
935,Bradford,Germaine,bgermainepy@msu.edu,Male,217.37.241.73,bgermainepy,4246385,2,2/5/2022
936,Alex,Iremonger,airemongerpz@jalbum.net,,28.141.10.30,airemongerpz,2715269,5,3/3/2022
937,Alphonso,Wards,awardsq0@ebay.co.uk,Male,110.204.8.240,awardsq0,402737,7,8/6/2022
938,Aube,Ivushkin,aivushkinq1@boston.com,Genderfluid,204.252.199.167,aivushkinq1,3589015,1,8/11/2022
939,Wynny,Lowis,wlowisq2@cnet.com,Agender,224.252.49.105,wlowisq2,3467606,9,9/5/2022
940,Guendolen,Tourmell,gtourmellq3@pagesperso-orange.fr,Female,49.203.66.40,gtourmellq3,1761223,10,10/4/2022
941,Kathryn,Riches,krichesq4@businessinsider.com,Female,160.108.35.171,krichesq4,2905195,1,6/7/2022
942,Amanda,Grinyakin,agrinyakinq5@blog.com,Female,88.45.176.68,agrinyakinq5,3678460,8,5/16/2022
943,Booth,Klosser,bklosserq6@slideshare.net,Male,160.79.242.232,bklosserq6,4958721,8,3/15/2022
944,Estel,Lipscomb,elipscombq7@godaddy.com,Female,188.122.73.170,elipscombq7,1328001,9,2/18/2022
945,Sharity,Harbard,sharbardq8@google.com,Female,111.207.180.231,sharbardq8,2142629,11,7/8/2022
946,Chip,Rummery,crummeryq9@ustream.tv,Male,19.35.70.36,,6703342,4,8/11/2022
947,Hadria,Issac,hissacqa@msu.edu,Female,186.181.81.13,hissacqa,7751076,2,8/7/2022
948,Everett,Gelly,egellyqb@xing.com,Male,48.39.144.138,egellyqb,2064095,12,12/3/2022
949,Llywellyn,Graeser,lgraeserqc@livejournal.com,Male,237.179.190.249,lgraeserqc,861569,1,4/13/2022
950,Rozelle,Keyworth,rkeyworthqd@hp.com,Female,104.242.114.127,rkeyworthqd,3119287,5,11/8/2022
951,Kit,Mossman,kmossmanqe@nytimes.com,Non-binary,80.153.190.233,kmossmanqe,8317352,7,1/9/2023
952,Fancy,Doctor,fdoctorqf@google.es,Female,202.29.247.120,fdoctorqf,1054709,6,6/18/2022
953,Erinn,Gobourn,egobournqg@smugmug.com,Female,23.19.220.44,,5697527,11,4/24/2022
954,Liana,Boater,lboaterqh@chicagotribune.com,Female,6.115.11.26,lboaterqh,6858794,4,4/21/2022
955,Chuck,Stiant,cstiantqi@technorati.com,Male,71.59.21.167,cstiantqi,3952055,2,2/20/2022
956,Butch,Jennaroy,bjennaroyqj@ask.com,Male,156.37.146.68,bjennaroyqj,254124,1,5/16/2022
957,Syd,Ducarne,,Male,115.134.149.172,sducarneqk,887880,10,7/7/2022
958,Brianne,Shambrook,bshambrookql@house.gov,Female,224.96.29.241,bshambrookql,9779581,4,1/11/2023
959,Darla,Dalgarno,ddalgarnoqm@ox.ac.uk,Female,37.62.95.160,ddalgarnoqm,5492708,2,10/7/2022
960,Trisha,Ballach,tballachqn@google.it,Female,92.195.4.92,tballachqn,4762213,8,5/25/2022
961,Caddric,Cooke,,Male,35.175.45.196,ccookeqo,1090975,5,3/11/2022
962,Cathee,Brocklehurst,cbrocklehurstqp@mit.edu,Female,10.251.88.226,cbrocklehurstqp,8312953,11,2/4/2022
963,Lita,Richard,lrichardqq@ehow.com,Female,159.44.215.36,,5082585,10,1/5/2023
964,Hal,Attwood,hattwoodqr@devhub.com,,55.234.240.84,hattwoodqr,2235043,6,10/21/2022
965,Faber,Voak,fvoakqs@purevolume.com,Male,223.141.237.216,fvoakqs,9925163,3,11/11/2022
966,Tootsie,Tillett,,Female,106.105.194.244,ttillettqt,9261397,11,1/8/2023
967,Donnamarie,Slyde,dslydequ@thetimes.co.uk,Genderqueer,95.235.126.197,dslydequ,3848624,4,5/28/2022
968,Madelena,Fotherby,mfotherbyqv@mozilla.org,Female,27.81.5.57,mfotherbyqv,9515229,2,9/13/2022
969,Jon,Carnihan,jcarnihanqw@hao123.com,Male,209.23.133.202,jcarnihanqw,6043818,5,8/30/2022
970,Ole,Moorerud,omoorerudqx@marriott.com,Male,179.185.35.129,omoorerudqx,6303611,3,12/10/2022
971,Weidar,Lubeck,wlubeckqy@fda.gov,Agender,81.115.201.220,,991523,2,5/11/2022
972,Janeva,Boshard,jboshardqz@alibaba.com,Female,79.127.220.125,jboshardqz,1767440,12,2/14/2022
973,Jocelin,McQuirk,,Female,204.32.38.28,jmcquirkr0,7687932,7,5/7/2022
974,Geri,Westmerland,gwestmerlandr1@house.gov,Female,97.127.98.60,,551492,1,4/27/2022
975,Hamlin,Russen,hrussenr2@cbslocal.com,Non-binary,171.70.16.36,hrussenr2,2229972,3,4/30/2022
976,Aloysius,Coutts,,Male,22.181.220.75,acouttsr3,6281384,3,6/12/2022
977,Shay,Rentenbeck,srentenbeckr4@tripod.com,Male,15.242.147.25,srentenbeckr4,2652031,6,7/29/2022
978,Mercie,Prangnell,mprangnellr5@nyu.edu,Female,115.195.152.173,mprangnellr5,7832325,7,5/13/2022
979,Lydia,Rosthorn,lrosthornr6@wufoo.com,Female,42.109.201.180,,8663351,10,8/27/2022
980,Alexandra,Blinckhorne,ablinckhorner7@storify.com,Female,73.29.21.165,ablinckhorner7,9732774,10,9/23/2022
981,Sawyere,Quinell,squinellr8@nbcnews.com,Male,83.179.35.43,squinellr8,4649947,1,9/24/2022
982,Gaelan,Speare,gspearer9@time.com,Male,152.95.195.227,,4468691,10,8/28/2022
983,Jarrod,Hill,jhillra@squarespace.com,Male,197.112.82.203,jhillra,4225134,9,8/19/2022
984,Winn,Tapsfield,wtapsfieldrb@census.gov,Male,226.27.202.174,wtapsfieldrb,7171337,6,2/10/2022
985,Kev,Quainton,kquaintonrc@microsoft.com,Male,219.76.110.138,,8088092,9,9/9/2022
986,Freddy,Peaker,,Genderfluid,171.145.116.180,fpeakerrd,1714644,2,6/25/2022
987,Romy,Mellor,rmellorre@nyu.edu,Female,89.5.127.201,rmellorre,619895,12,2/26/2022
988,Reinaldos,Brecknell,rbrecknellrf@barnesandnoble.com,Polygender,145.49.13.206,rbrecknellrf,9001968,7,2/6/2022
989,Mia,Kneesha,mkneesharg@macromedia.com,Female,101.6.140.28,,2835955,10,1/12/2023
990,Hastie,Garvan,hgarvanrh@google.co.uk,Male,180.214.146.30,,3342856,8,3/10/2022
991,Giffer,Beebee,gbeebeeri@csmonitor.com,Male,45.175.173.29,gbeebeeri,4113243,6,11/4/2022
992,Randie,Northedge,rnorthedgerj@cbc.ca,Female,142.49.77.180,rnorthedgerj,5021064,1,7/29/2022
993,Carly,Board,cboardrk@studiopress.com,Polygender,122.67.56.142,cboardrk,4919843,11,12/11/2022
994,Barde,Strass,bstrassrl@wikimedia.org,Male,6.188.196.19,bstrassrl,1708125,11,5/29/2022
995,Wendye,Gatman,wgatmanrm@ucsd.edu,Female,1.182.103.9,wgatmanrm,8834408,5,6/6/2022
996,Barbi,Jollie,bjolliern@woothemes.com,Female,76.42.165.2,bjolliern,5606143,12,11/22/2022
997,Morris,Klas,mklasro@cargocollective.com,Male,138.211.153.225,mklasro,6772008,6,11/26/2022
998,Deirdre,Brenstuhl,dbrenstuhlrp@fc2.com,,89.28.95.239,dbrenstuhlrp,1117963,7,1/19/2023
999,Gerald,Symson,gsymsonrq@cafepress.com,Male,101.214.75.82,gsymsonrq,4203683,11,6/30/2022
1000,Bernard,Johnsey,bjohnseyrr@reddit.com,Agender,58.29.174.72,bjohnseyrr,1922046,5,6/27/2022
